"","cartaAltaRoboClustering","cartaMediaRoboClustering","cartaBaixaRoboClustering","kmeans.cluster","idMao"
"1",51,7,3,3,1
"2",20,20,3,7,2
"3",12,7,3,5,3
"4",20,3,3,4,4
"5",51,12,3,3,5
"6",20,20,3,7,6
"7",20,3,3,4,7
"8",20,7,3,4,8
"9",20,7,7,4,9
"10",7,3,3,2,10
"11",7,3,3,2,11
"12",41,20,3,6,12
"13",51,20,12,1,13
"14",41,20,7,6,14
"15",20,7,3,4,15
"16",51,20,3,6,16
"17",20,7,7,4,17
"18",20,12,7,7,18
"19",20,7,3,4,19
"20",7,7,3,5,20
"21",7,7,3,5,21
"22",51,7,3,3,22
"23",41,12,7,3,23
"24",51,20,20,1,24
"25",20,7,3,4,25
"26",20,7,3,4,26
"27",20,7,3,4,27
"28",51,51,7,6,28
"29",51,7,7,3,29
"30",51,3,3,3,30
"31",7,7,3,5,31
"32",51,20,3,6,32
"33",20,7,3,4,33
"34",20,7,3,4,35
"35",20,20,3,7,36
"36",20,3,3,4,37
"37",20,3,3,4,38
"38",20,3,3,4,39
"39",41,41,7,6,40
"40",41,7,3,3,41
"41",20,7,7,4,42
"42",7,3,3,2,43
"43",20,20,7,7,44
"44",20,7,3,4,45
"45",7,7,3,5,46
"46",12,7,7,5,47
"47",12,7,3,5,48
"48",7,3,3,2,49
"49",7,3,3,2,50
"50",7,3,3,2,51
"51",12,3,3,2,52
"52",20,12,7,7,54
"53",20,7,7,4,55
"54",7,7,3,5,56
"55",51,12,3,3,57
"56",41,20,7,6,58
"57",20,20,20,1,59
"58",20,20,3,7,60
"59",20,3,3,4,61
"60",20,7,3,4,62
"61",20,7,7,4,63
"62",7,3,3,2,64
"63",51,7,7,3,65
"64",7,7,7,5,66
"65",51,20,3,6,68
"66",51,7,3,3,69
"67",20,20,3,7,70
"68",41,7,3,3,71
"69",51,20,7,6,72
"70",20,7,7,4,73
"71",7,7,3,5,74
"72",7,7,3,5,75
"73",7,7,7,5,77
"74",3,3,3,2,78
"75",20,12,3,4,79
"76",20,7,3,4,80
"77",20,12,7,7,81
"78",20,7,3,4,82
"79",51,3,3,3,83
"80",20,3,3,4,84
"81",20,12,3,4,85
"82",7,7,3,5,86
"83",41,41,3,6,87
"84",20,7,3,4,88
"85",41,3,3,3,89
"86",51,3,3,3,90
"87",41,20,3,6,91
"88",20,7,3,4,92
"89",7,3,3,2,93
"90",41,20,7,6,95
"91",20,7,3,4,96
"92",51,3,3,3,97
"93",20,20,3,7,98
"94",20,20,3,7,99
"95",41,12,7,3,100
"96",7,7,3,5,101
"97",20,20,7,7,102
"98",20,7,7,4,103
"99",3,3,3,2,104
"100",20,7,3,4,105
"101",20,3,3,4,106
"102",20,12,3,4,107
"103",7,7,3,5,108
"104",41,12,7,3,109
"105",12,7,3,5,110
"106",20,7,7,4,111
"107",7,7,3,5,112
"108",41,7,7,3,113
"109",20,7,3,4,114
"110",41,20,3,6,115
"111",20,20,7,7,116
"112",20,7,3,4,117
"113",20,7,3,4,118
"114",51,20,3,6,119
"115",7,3,3,2,120
"116",7,3,3,2,121
"117",7,3,3,2,122
"118",20,12,7,7,123
"119",51,7,3,3,124
"120",20,20,7,7,125
"121",51,20,12,1,126
"122",12,12,3,5,127
"123",7,3,3,2,129
"124",20,7,3,4,130
"125",12,12,3,5,131
"126",3,3,3,2,132
"127",20,7,3,4,133
"128",7,7,3,5,134
"129",20,3,3,4,135
"130",20,3,3,4,136
"131",12,7,3,5,137
"132",20,3,3,4,139
"133",20,7,3,4,140
"134",7,3,3,2,141
"135",3,3,3,2,142
"136",20,20,20,1,143
"137",7,3,3,2,144
"138",12,7,3,5,146
"139",7,3,3,2,147
"140",41,7,3,3,148
"141",20,20,7,7,149
"142",7,3,3,2,150
"143",7,7,3,5,151
"144",7,7,7,5,152
"145",41,7,3,3,153
"146",20,20,7,7,154
"147",20,20,3,7,155
"148",20,3,3,4,156
"149",51,20,7,6,157
"150",20,7,7,4,159
"151",7,3,3,2,160
"152",20,7,3,4,162
"153",20,3,3,4,163
"154",20,7,3,4,164
"155",20,7,3,4,165
"156",51,51,7,6,166
"157",20,12,7,7,167
"158",20,7,3,4,168
"159",41,12,3,3,169
"160",51,3,3,3,170
"161",20,7,7,4,171
"162",7,7,3,5,172
"163",20,20,3,7,173
"164",7,3,3,2,174
"165",20,12,3,4,175
"166",20,7,3,4,176
"167",51,7,3,3,177
"168",20,20,7,7,178
"169",51,20,7,6,179
"170",12,7,3,5,180
"171",20,20,7,7,181
"172",20,20,3,7,182
"173",7,3,3,2,183
"174",7,7,3,5,184
"175",20,7,3,4,185
"176",12,7,3,5,186
"177",51,20,7,6,187
"178",41,20,3,6,188
"179",12,3,3,2,189
"180",51,20,3,6,190
"181",51,7,3,3,191
"182",41,20,20,1,192
"183",3,3,3,2,193
"184",20,7,3,4,194
"185",20,3,3,4,195
"186",20,7,3,4,196
"187",51,20,3,6,197
"188",41,3,3,3,198
"189",7,3,3,2,199
"190",7,7,3,5,200
"191",20,7,3,4,201
"192",20,3,3,4,202
"193",20,7,3,4,203
"194",20,20,3,7,204
"195",7,3,3,2,205
"196",7,7,3,5,206
"197",41,3,3,3,207
"198",20,7,3,4,208
"199",20,7,3,4,209
"200",20,20,7,7,210
"201",7,7,3,5,211
"202",20,7,3,4,213
"203",20,12,7,7,214
"204",20,7,3,4,215
"205",20,7,7,4,216
"206",7,3,3,2,217
"207",41,20,3,6,218
"208",41,3,3,3,219
"209",12,3,3,2,220
"210",7,3,3,2,221
"211",20,7,7,4,222
"212",51,7,3,3,223
"213",51,20,12,1,224
"214",20,7,3,4,225
"215",7,7,3,5,226
"216",41,7,3,3,228
"217",20,3,3,4,229
"218",20,12,3,4,230
"219",51,20,7,6,231
"220",7,7,7,5,232
"221",20,7,3,4,233
"222",12,3,3,2,234
"223",41,7,3,3,235
"224",12,7,3,5,236
"225",20,7,3,4,237
"226",12,7,3,5,238
"227",41,7,3,3,239
"228",20,7,3,4,240
"229",7,7,3,5,241
"230",41,20,3,6,242
"231",7,3,3,2,243
"232",7,7,3,5,244
"233",7,7,3,5,245
"234",51,20,7,6,246
"235",3,3,3,2,247
"236",41,20,7,6,248
"237",20,3,3,4,249
"238",51,7,3,3,250
"239",12,7,3,5,251
"240",20,7,3,4,252
"241",7,7,7,5,253
"242",41,7,3,3,254
"243",41,20,20,1,255
"244",3,3,3,2,256
"245",51,20,3,6,257
"246",7,7,3,5,258
"247",20,7,3,4,259
"248",7,7,3,5,260
"249",20,7,3,4,261
"250",7,7,3,5,262
"251",7,3,3,2,263
"252",20,3,3,4,264
"253",20,12,7,7,265
"254",20,3,3,4,266
"255",7,3,3,2,267
"256",20,7,3,4,268
"257",7,7,3,5,269
"258",51,41,7,6,270
"259",20,20,3,7,271
"260",12,3,3,2,273
"261",20,12,3,4,274
"262",20,7,3,4,275
"263",7,3,3,2,276
"264",7,7,3,5,277
"265",20,12,7,7,278
"266",20,20,7,7,279
"267",20,3,3,4,281
"268",41,7,7,3,282
"269",20,3,3,4,283
"270",20,20,7,7,284
"271",20,12,7,7,285
"272",7,7,3,5,287
"273",51,20,3,6,288
"274",7,3,3,2,289
"275",51,7,3,3,290
"276",7,3,3,2,291
"277",20,7,3,4,292
"278",7,3,3,2,293
"279",20,20,7,7,294
"280",20,20,7,7,295
"281",41,20,7,6,296
"282",20,20,7,7,297
"283",41,20,7,6,298
"284",20,20,7,7,300
"285",7,3,3,2,301
"286",12,7,3,5,302
"287",20,12,3,4,303
"288",20,20,7,7,304
"289",12,7,7,5,305
"290",20,3,3,4,306
"291",51,7,3,3,307
"292",20,7,3,4,308
"293",20,7,7,4,310
"294",20,7,3,4,311
"295",20,12,7,7,312
"296",20,3,3,4,313
"297",41,7,3,3,314
"298",20,20,7,7,315
"299",20,12,7,7,316
"300",7,7,3,5,318
"301",41,7,7,3,319
"302",7,3,3,2,320
"303",3,3,3,2,321
"304",20,3,3,4,322
"305",41,20,7,6,323
"306",41,20,3,6,324
"307",51,7,3,3,325
"308",20,3,3,4,326
"309",41,3,3,3,327
"310",7,7,3,5,328
"311",20,3,3,4,329
"312",20,7,3,4,330
"313",20,20,20,1,331
"314",20,7,3,4,332
"315",20,20,7,7,333
"316",7,7,7,5,334
"317",7,7,3,5,336
"318",20,12,7,7,337
"319",20,3,3,4,338
"320",7,7,3,5,339
"321",51,20,7,6,340
"322",3,3,3,2,341
"323",7,7,3,5,342
"324",51,7,7,3,343
"325",20,20,20,1,345
"326",7,7,3,5,346
"327",20,3,3,4,347
"328",7,7,7,5,349
"329",20,20,7,7,351
"330",20,20,3,7,352
"331",41,12,12,1,353
"332",20,7,3,4,354
"333",7,3,3,2,355
"334",41,20,7,6,356
"335",20,7,7,4,357
"336",41,7,3,3,359
"337",20,12,3,4,360
"338",12,3,3,2,361
"339",41,12,3,3,362
"340",7,7,3,5,363
"341",51,7,3,3,364
"342",51,20,7,6,365
"343",7,7,3,5,366
"344",51,12,3,3,367
"345",20,3,3,4,368
"346",51,7,3,3,369
"347",12,7,7,5,370
"348",7,3,3,2,371
"349",3,3,3,2,372
"350",7,3,3,2,373
"351",20,7,3,4,374
"352",7,7,3,5,375
"353",3,3,3,2,377
"354",7,7,3,5,378
"355",20,3,3,4,379
"356",20,7,3,4,380
"357",41,20,7,6,381
"358",20,7,3,4,382
"359",41,7,7,3,383
"360",12,7,3,5,384
"361",41,20,3,6,385
"362",7,3,3,2,386
"363",20,3,3,4,387
"364",20,7,3,4,388
"365",41,7,7,3,389
"366",3,3,3,2,390
"367",20,7,3,4,391
"368",7,3,3,2,392
"369",7,7,3,5,393
"370",20,12,7,7,394
"371",51,12,3,3,395
"372",7,3,3,2,396
"373",20,20,7,7,397
"374",20,20,3,7,398
"375",7,3,3,2,399
"376",41,20,7,6,400
"377",20,7,3,4,401
"378",20,7,3,4,402
"379",20,7,3,4,403
"380",41,12,7,3,404
"381",20,3,3,4,405
"382",20,7,3,4,406
"383",20,12,7,7,407
"384",20,12,3,4,408
"385",51,12,7,3,409
"386",7,7,7,5,410
"387",20,3,3,4,411
"388",20,7,3,4,412
"389",20,20,3,7,413
"390",51,20,3,6,414
"391",51,20,7,6,415
"392",51,7,7,3,416
"393",7,3,3,2,417
"394",20,3,3,4,418
"395",7,3,3,2,419
"396",20,3,3,4,420
"397",20,20,7,7,421
"398",12,3,3,2,422
"399",20,3,3,4,423
"400",7,7,7,5,424
"401",51,12,7,3,425
"402",51,20,7,6,426
"403",20,12,3,4,427
"404",41,3,3,3,428
"405",51,3,3,3,429
"406",51,20,3,6,430
"407",7,3,3,2,431
"408",51,12,3,3,432
"409",20,20,7,7,433
"410",20,7,7,4,434
"411",20,7,3,4,435
"412",20,7,3,4,436
"413",41,7,3,3,437
"414",51,20,7,6,438
"415",3,3,3,2,439
"416",20,20,7,7,440
"417",7,3,3,2,441
"418",3,3,3,2,442
"419",7,7,3,5,443
"420",51,20,3,6,444
"421",51,20,20,1,445
"422",41,7,3,3,446
"423",20,7,3,4,447
"424",20,12,3,4,448
"425",51,20,7,6,449
"426",7,7,3,5,450
"427",7,3,3,2,452
"428",20,7,3,4,453
"429",20,3,3,4,454
"430",7,3,3,2,455
"431",7,7,7,5,458
"432",7,3,3,2,459
"433",7,7,3,5,460
"434",7,7,3,5,461
"435",20,20,7,7,462
"436",41,20,3,6,463
"437",12,7,3,5,464
"438",20,7,7,4,465
"439",41,20,7,6,466
"440",51,20,3,6,467
"441",20,7,3,4,468
"442",20,7,3,4,469
"443",7,7,7,5,470
"444",7,3,3,2,471
"445",20,7,3,4,472
"446",20,7,7,4,473
"447",7,7,3,5,474
"448",41,20,12,1,475
"449",7,7,3,5,476
"450",20,7,7,4,477
"451",20,7,7,4,478
"452",3,3,3,2,479
"453",7,3,3,2,480
"454",51,20,3,6,481
"455",51,3,3,3,482
"456",20,7,3,4,483
"457",20,20,7,7,484
"458",7,3,3,2,485
"459",20,20,7,7,486
"460",7,3,3,2,487
"461",51,20,12,1,488
"462",41,41,20,1,489
"463",20,20,3,7,490
"464",20,3,3,4,491
"465",20,12,7,7,492
"466",20,7,3,4,493
"467",20,7,3,4,494
"468",20,20,7,7,496
"469",51,20,7,6,497
"470",51,7,7,3,498
"471",41,20,7,6,499
"472",20,3,3,4,500
"473",20,7,3,4,501
"474",7,7,3,5,502
"475",3,3,3,2,503
"476",20,7,3,4,504
"477",20,7,3,4,505
"478",20,12,7,7,506
"479",12,7,3,5,507
"480",41,7,7,3,509
"481",20,20,7,7,510
"482",7,3,3,2,511
"483",20,7,3,4,512
"484",20,3,3,4,513
"485",41,7,3,3,514
"486",41,12,7,3,515
"487",51,3,3,3,518
"488",7,7,3,5,521
"489",7,7,3,5,522
"490",51,12,7,3,523
"491",7,3,3,2,524
"492",20,7,7,4,526
"493",7,7,3,5,527
"494",41,3,3,3,528
"495",7,7,3,5,529
"496",41,41,3,6,530
"497",3,3,3,2,531
"498",20,12,3,4,532
"499",20,20,7,7,534
"500",7,7,3,5,535
"501",20,12,7,7,536
"502",20,20,20,1,537
"503",51,41,3,6,538
"504",51,20,3,6,540
"505",20,7,3,4,541
"506",41,3,3,3,542
"507",41,20,20,1,543
"508",3,3,3,2,544
"509",12,7,3,5,545
"510",20,7,3,4,546
"511",41,20,7,6,547
"512",7,7,7,5,548
"513",7,7,3,5,550
"514",51,7,3,3,551
"515",7,7,7,5,552
"516",51,20,7,6,553
"517",3,3,3,2,554
"518",7,3,3,2,555
"519",20,7,3,4,556
"520",7,7,3,5,557
"521",51,3,3,3,558
"522",20,12,7,7,559
"523",7,3,3,2,561
"524",41,20,20,1,562
"525",41,7,7,3,563
"526",20,12,3,4,564
"527",41,20,20,1,565
"528",7,7,3,5,566
"529",20,7,3,4,568
"530",7,7,3,5,569
"531",20,7,3,4,571
"532",20,7,3,4,572
"533",7,7,3,5,574
"534",41,7,7,3,575
"535",7,3,3,2,576
"536",41,41,12,1,577
"537",41,20,3,6,578
"538",7,3,3,2,579
"539",20,7,3,4,580
"540",20,20,3,7,581
"541",51,20,7,6,582
"542",12,7,7,5,583
"543",51,7,3,3,584
"544",51,20,7,6,586
"545",20,3,3,4,587
"546",51,7,3,3,588
"547",20,20,7,7,589
"548",51,7,3,3,590
"549",20,3,3,4,591
"550",12,7,7,5,592
"551",20,7,7,4,593
"552",41,7,7,3,594
"553",7,7,7,5,595
"554",51,7,3,3,597
"555",7,7,3,5,598
"556",20,7,3,4,600
"557",20,20,3,7,601
"558",20,12,7,7,603
"559",12,7,3,5,604
"560",3,3,3,2,605
"561",20,7,3,4,606
"562",51,7,3,3,607
"563",3,3,3,2,608
"564",51,3,3,3,609
"565",7,7,3,5,611
"566",7,3,3,2,612
"567",20,7,7,4,613
"568",20,20,20,1,614
"569",20,7,3,4,615
"570",20,7,3,4,617
"571",20,20,3,7,618
"572",41,7,3,3,619
"573",20,12,3,4,620
"574",20,7,7,4,622
"575",51,20,7,6,623
"576",7,7,7,5,624
"577",20,7,3,4,627
"578",12,3,3,2,628
"579",20,7,3,4,629
"580",51,7,3,3,630
"581",20,20,7,7,631
"582",41,20,7,6,632
"583",7,7,7,5,634
"584",20,20,7,7,636
"585",20,7,3,4,637
"586",20,7,7,4,638
"587",41,12,7,3,642
"588",41,7,7,3,643
"589",51,20,3,6,644
"590",7,7,3,5,645
"591",20,7,3,4,646
"592",51,20,20,1,647
"593",20,7,3,4,648
"594",7,7,3,5,649
"595",51,7,3,3,650
"596",51,20,20,1,651
"597",7,3,3,2,652
"598",20,20,3,7,653
"599",12,3,3,2,654
"600",7,7,3,5,655
"601",7,7,3,5,656
"602",20,7,3,4,657
"603",41,7,3,3,658
"604",41,20,20,1,659
"605",7,3,3,2,660
"606",20,7,3,4,661
"607",20,20,7,7,662
"608",41,20,20,1,663
"609",7,7,7,5,665
"610",7,3,3,2,666
"611",7,7,3,5,667
"612",7,7,3,5,668
"613",7,3,3,2,669
"614",7,3,3,2,670
"615",41,20,3,6,671
"616",7,7,3,5,672
"617",51,20,3,6,673
"618",7,7,3,5,674
"619",20,12,7,7,675
"620",51,3,3,3,677
"621",20,7,3,4,678
"622",7,7,3,5,679
"623",20,7,3,4,680
"624",20,12,3,4,681
"625",20,7,3,4,682
"626",12,3,3,2,683
"627",20,20,3,7,684
"628",7,7,3,5,685
"629",7,3,3,2,686
"630",20,7,3,4,687
"631",20,7,3,4,688
"632",41,3,3,3,689
"633",3,3,3,2,690
"634",51,41,12,1,691
"635",41,20,20,1,692
"636",51,7,7,3,693
"637",7,7,3,5,694
"638",12,7,3,5,695
"639",41,7,3,3,696
"640",3,3,3,2,697
"641",7,7,3,5,698
"642",20,20,7,7,699
"643",7,7,3,5,700
"644",3,3,3,2,701
"645",7,3,3,2,702
"646",20,7,3,4,703
"647",12,3,3,2,704
"648",41,41,20,1,706
"649",20,12,3,4,707
"650",51,20,3,6,708
"651",51,20,3,6,709
"652",7,3,3,2,710
"653",20,7,3,4,711
"654",51,7,3,3,712
"655",51,20,20,1,713
"656",12,7,3,5,714
"657",20,12,7,7,715
"658",12,7,3,5,716
"659",51,20,7,6,717
"660",51,7,3,3,718
"661",51,41,7,6,719
"662",3,3,3,2,720
"663",20,3,3,4,721
"664",20,7,7,4,722
"665",7,7,3,5,723
"666",51,20,3,6,724
"667",20,7,3,4,725
"668",12,7,3,5,726
"669",41,7,7,3,727
"670",3,3,3,2,728
"671",7,3,3,2,729
"672",20,7,3,4,730
"673",20,7,7,4,731
"674",20,7,7,4,732
"675",12,7,7,5,733
"676",20,20,7,7,734
"677",41,20,7,6,735
"678",20,3,3,4,738
"679",7,3,3,2,739
"680",20,7,7,4,740
"681",20,7,3,4,741
"682",12,7,3,5,742
"683",20,7,3,4,743
"684",51,3,3,3,744
"685",20,20,7,7,745
"686",7,7,3,5,746
"687",20,7,3,4,747
"688",20,3,3,4,748
"689",20,20,3,7,749
"690",7,3,3,2,750
"691",20,7,3,4,751
"692",41,12,7,3,752
"693",3,3,3,2,753
"694",20,7,3,4,754
"695",20,3,3,4,755
"696",41,20,3,6,756
"697",12,7,3,5,757
"698",3,3,3,2,758
"699",51,7,3,3,759
"700",51,41,3,6,760
"701",41,3,3,3,761
"702",51,20,7,6,762
"703",51,7,3,3,763
"704",20,3,3,4,764
"705",20,3,3,4,765
"706",20,7,3,4,766
"707",20,12,7,7,767
"708",20,7,3,4,768
"709",51,20,7,6,769
"710",12,7,3,5,770
"711",7,7,3,5,771
"712",41,20,3,6,772
"713",3,3,3,2,773
"714",12,7,3,5,774
"715",20,20,7,7,775
"716",20,7,3,4,776
"717",20,20,3,7,777
"718",20,7,3,4,778
"719",20,3,3,4,779
"720",41,7,7,3,780
"721",20,20,3,7,781
"722",3,3,3,2,782
"723",20,12,3,4,783
"724",41,20,3,6,784
"725",7,3,3,2,785
"726",20,7,3,4,786
"727",7,3,3,2,788
"728",7,7,3,5,789
"729",20,12,12,7,790
"730",41,12,3,3,791
"731",20,20,7,7,792
"732",12,7,7,5,793
"733",20,20,3,7,794
"734",7,7,3,5,795
"735",41,12,3,3,796
"736",41,7,3,3,797
"737",7,3,3,2,798
"738",20,7,3,4,799
"739",20,7,3,4,800
"740",12,7,3,5,801
"741",51,20,7,6,802
"742",20,20,3,7,803
"743",20,7,7,4,804
"744",51,12,7,3,805
"745",20,20,3,7,806
"746",20,7,3,4,807
"747",7,3,3,2,808
"748",7,7,3,5,809
"749",12,7,3,5,810
"750",51,51,20,1,811
"751",20,3,3,4,812
"752",7,7,3,5,813
"753",20,20,7,7,814
"754",3,3,3,2,815
"755",51,3,3,3,816
"756",20,7,3,4,817
"757",20,7,7,4,818
"758",20,7,7,4,819
"759",20,3,3,4,820
"760",7,3,3,2,821
"761",20,20,7,7,822
"762",41,20,12,1,823
"763",41,20,7,6,824
"764",20,7,7,4,825
"765",20,7,3,4,826
"766",20,3,3,4,827
"767",20,7,7,4,828
"768",7,3,3,2,829
"769",51,20,3,6,830
"770",20,3,3,4,831
"771",20,7,3,4,832
"772",20,20,12,1,833
"773",20,3,3,4,834
"774",20,7,3,4,836
"775",51,20,12,1,837
"776",41,7,3,3,838
"777",51,20,7,6,839
"778",7,3,3,2,840
"779",41,20,3,6,841
"780",7,7,3,5,842
"781",41,3,3,3,843
"782",20,7,7,4,844
"783",20,7,3,4,846
"784",12,7,3,5,847
"785",41,12,7,3,848
"786",7,7,3,5,849
"787",51,20,12,1,850
"788",20,7,3,4,851
"789",51,20,7,6,852
"790",20,12,3,4,853
"791",7,3,3,2,855
"792",41,7,3,3,856
"793",20,7,3,4,857
"794",41,20,3,6,858
"795",20,3,3,4,859
"796",7,3,3,2,860
"797",7,3,3,2,861
"798",12,3,3,2,863
"799",7,7,7,5,864
"800",41,12,3,3,866
"801",20,12,7,7,868
"802",20,7,3,4,870
"803",7,7,7,5,871
"804",3,3,3,2,872
"805",7,7,7,5,873
"806",41,7,7,3,874
"807",7,7,3,5,875
"808",3,3,3,2,877
"809",20,7,3,4,879
"810",7,3,3,2,880
"811",51,7,3,3,881
"812",20,20,7,7,882
"813",51,20,7,6,883
"814",7,7,3,5,884
"815",20,7,7,4,885
"816",20,7,3,4,886
"817",51,12,3,3,887
"818",7,7,7,5,890
"819",20,7,3,4,891
"820",51,7,7,3,892
"821",20,12,3,4,893
"822",20,20,7,7,894
"823",7,7,3,5,895
"824",51,7,3,3,896
"825",20,7,3,4,897
"826",12,7,3,5,898
"827",51,7,3,3,899
"828",12,3,3,2,900
"829",20,7,3,4,901
"830",20,7,7,4,902
"831",20,20,12,1,903
"832",12,3,3,2,904
"833",20,7,3,4,905
"834",7,7,3,5,906
"835",20,20,7,7,907
"836",7,7,3,5,908
"837",41,20,7,6,909
"838",20,7,3,4,910
"839",7,3,3,2,911
"840",20,7,3,4,913
"841",20,20,3,7,914
"842",7,3,3,2,915
"843",20,7,3,4,916
"844",41,3,3,3,917
"845",20,3,3,4,918
"846",12,7,7,5,919
"847",51,7,3,3,920
"848",20,7,3,4,921
"849",7,7,3,5,922
"850",51,41,12,1,923
"851",51,7,3,3,924
"852",20,12,7,7,925
"853",41,20,12,1,926
"854",20,3,3,4,927
"855",20,3,3,4,928
"856",7,3,3,2,929
"857",20,7,3,4,930
"858",20,7,3,4,931
"859",12,7,3,5,933
"860",51,7,3,3,934
"861",20,20,7,7,935
"862",20,3,3,4,936
"863",20,7,3,4,937
"864",20,7,3,4,940
"865",20,12,3,4,941
"866",7,3,3,2,943
"867",20,7,3,4,944
"868",20,3,3,4,945
"869",20,3,3,4,946
"870",20,20,3,7,947
"871",51,20,7,6,948
"872",20,3,3,4,949
"873",20,7,3,4,950
"874",51,7,3,3,951
"875",7,7,3,5,952
"876",20,7,3,4,953
"877",20,7,3,4,954
"878",20,7,7,4,955
"879",20,7,3,4,957
"880",51,7,3,3,958
"881",12,7,3,5,959
"882",7,7,3,5,960
"883",7,3,3,2,961
"884",20,7,7,4,962
"885",12,7,3,5,963
"886",20,20,3,7,964
"887",20,3,3,4,965
"888",20,7,7,4,966
"889",20,7,3,4,967
"890",41,7,7,3,968
"891",20,7,3,4,969
"892",7,3,3,2,970
"893",20,3,3,4,971
"894",20,20,7,7,972
"895",20,7,3,4,973
"896",7,7,3,5,974
"897",12,7,3,5,975
"898",41,20,7,6,976
"899",20,3,3,4,977
"900",20,20,7,7,978
"901",51,7,3,3,979
"902",20,12,7,7,980
"903",20,7,3,4,981
"904",12,7,3,5,982
"905",7,7,3,5,983
"906",41,7,3,3,984
"907",20,3,3,4,985
"908",20,7,3,4,986
"909",20,7,3,4,988
"910",7,3,3,2,989
"911",20,7,7,4,991
"912",41,20,7,6,992
"913",20,7,3,4,993
"914",51,20,7,6,994
"915",20,12,3,4,995
"916",41,7,7,3,997
"917",12,3,3,2,998
"918",20,7,3,4,999
"919",51,41,7,6,1000
"920",51,12,7,3,1001
"921",7,3,3,2,1002
"922",20,20,3,7,1003
"923",7,3,3,2,1004
"924",7,7,3,5,1005
"925",51,20,7,6,1006
"926",20,20,7,7,1007
"927",20,7,7,4,1009
"928",41,7,3,3,1010
"929",41,7,3,3,1011
"930",41,7,7,3,1012
"931",20,7,3,4,1013
"932",7,7,3,5,1014
"933",41,7,7,3,1015
"934",20,7,3,4,1017
"935",20,12,7,7,1018
"936",12,3,3,2,1019
"937",20,20,7,7,1021
"938",20,3,3,4,1022
"939",51,20,20,1,1023
"940",41,20,3,6,1025
"941",20,7,7,4,1026
"942",7,7,3,5,1027
"943",41,7,3,3,1028
"944",20,7,3,4,1029
"945",12,7,3,5,1030
"946",3,3,3,2,1031
"947",20,12,7,7,1032
"948",7,3,3,2,1033
"949",20,20,7,7,1034
"950",3,3,3,2,1035
"951",20,20,3,7,1036
"952",7,7,3,5,1037
"953",20,20,7,7,1038
"954",7,3,3,2,1039
"955",7,7,3,5,1040
"956",20,7,7,4,1041
"957",41,7,7,3,1042
"958",20,7,3,4,1043
"959",41,7,3,3,1044
"960",51,20,7,6,1045
"961",7,3,3,2,1046
"962",41,7,3,3,1047
"963",7,7,7,5,1048
"964",3,3,3,2,1049
"965",7,3,3,2,1051
"966",51,20,3,6,1052
"967",20,12,3,4,1053
"968",20,3,3,4,1055
"969",7,7,3,5,1056
"970",20,7,3,4,1057
"971",12,3,3,2,1058
"972",20,20,3,7,1059
"973",51,7,3,3,1060
"974",20,7,3,4,1061
"975",51,3,3,3,1062
"976",12,7,7,5,1063
"977",7,7,3,5,1065
"978",20,3,3,4,1066
"979",41,7,3,3,1067
"980",12,7,3,5,1068
"981",20,3,3,4,1069
"982",7,3,3,2,1070
"983",41,20,7,6,1071
"984",3,3,3,2,1072
"985",20,7,3,4,1073
"986",7,7,3,5,1074
"987",7,7,3,5,1075
"988",20,3,3,4,1076
"989",20,7,3,4,1077
"990",20,3,3,4,1078
"991",41,3,3,3,1079
"992",7,7,3,5,1081
"993",20,12,3,4,1082
"994",20,7,7,4,1083
"995",51,51,3,6,1084
"996",20,7,3,4,1085
"997",20,12,7,7,1086
"998",3,3,3,2,1088
"999",20,7,3,4,1090
"1000",51,7,3,3,1096
"1001",20,3,3,4,1097
"1002",20,7,3,4,1098
"1003",7,7,3,5,1099
"1004",7,3,3,2,1100
"1005",7,3,3,2,1101
"1006",20,20,7,7,1102
"1007",20,20,7,7,1103
"1008",41,7,3,3,1104
"1009",20,12,7,7,1105
"1010",7,3,3,2,1106
"1011",41,20,3,6,1107
"1012",20,3,3,4,1108
"1013",20,7,3,4,1110
"1014",20,3,3,4,1111
"1015",20,20,3,7,1112
"1016",12,7,7,5,1113
"1017",20,7,3,4,1114
"1018",12,7,3,5,1116
"1019",7,3,3,2,1117
"1020",3,3,3,2,1118
"1021",51,41,7,6,1119
"1022",20,12,3,4,1120
"1023",3,3,3,2,1121
"1024",3,3,3,2,1122
"1025",41,41,7,6,1123
"1026",51,41,7,6,1124
"1027",20,7,3,4,1125
"1028",20,7,3,4,1126
"1029",20,20,12,1,1127
"1030",7,3,3,2,1128
"1031",12,7,3,5,1129
"1032",51,41,7,6,1130
"1033",7,7,3,5,1131
"1034",51,20,7,6,1132
"1035",20,12,7,7,1134
"1036",20,7,3,4,1135
"1037",20,3,3,4,1136
"1038",51,20,7,6,1137
"1039",7,3,3,2,1138
"1040",20,7,7,4,1139
"1041",20,7,7,4,1140
"1042",20,7,7,4,1141
"1043",12,7,3,5,1142
"1044",51,3,3,3,1143
"1045",20,12,7,7,1144
"1046",51,7,3,3,1145
"1047",51,41,20,1,1147
"1048",20,7,3,4,1148
"1049",20,3,3,4,1149
"1050",20,7,3,4,1150
"1051",7,3,3,2,1151
"1052",20,20,7,7,1152
"1053",7,3,3,2,1153
"1054",7,3,3,2,1154
"1055",7,7,7,5,1155
"1056",12,7,3,5,1156
"1057",12,3,3,2,1157
"1058",51,12,3,3,1158
"1059",41,3,3,3,1159
"1060",7,3,3,2,1160
"1061",20,3,3,4,1161
"1062",20,7,3,4,1162
"1063",7,7,3,5,1163
"1064",7,3,3,2,1164
"1065",7,3,3,2,1165
"1066",20,12,7,7,1166
"1067",7,7,3,5,1167
"1068",20,20,7,7,1168
"1069",51,20,7,6,1169
"1070",51,20,3,6,1170
"1071",7,7,7,5,1171
"1072",3,3,3,2,1172
"1073",51,7,7,3,1173
"1074",20,7,3,4,1174
"1075",7,3,3,2,1175
"1076",12,3,3,2,1176
"1077",51,12,7,3,1177
"1078",20,3,3,4,1178
"1079",3,3,3,2,1179
"1080",20,12,3,4,1180
"1081",51,3,3,3,1182
"1082",51,3,3,3,1183
"1083",7,7,3,5,1184
"1084",20,7,7,4,1185
"1085",51,7,3,3,1186
"1086",20,12,3,4,1187
"1087",20,3,3,4,1188
"1088",41,7,3,3,1189
"1089",51,20,3,6,1190
"1090",41,20,3,6,1191
"1091",7,3,3,2,1193
"1092",12,7,3,5,1194
"1093",7,7,3,5,1195
"1094",7,3,3,2,1197
"1095",41,41,3,6,1198
"1096",12,7,3,5,1199
"1097",12,3,3,2,1200
"1098",7,7,3,5,1201
"1099",20,20,3,7,1202
"1100",20,20,7,7,1203
"1101",7,7,3,5,1204
"1102",7,3,3,2,1205
"1103",20,7,3,4,1206
"1104",41,20,3,6,1207
"1105",41,20,3,6,1208
"1106",7,3,3,2,1209
"1107",20,7,3,4,1210
"1108",20,7,3,4,1212
"1109",20,7,3,4,1213
"1110",41,7,7,3,1214
"1111",20,3,3,4,1216
"1112",20,3,3,4,1217
"1113",3,3,3,2,1218
"1114",20,7,3,4,1219
"1115",7,7,3,5,1220
"1116",51,51,12,1,1221
"1117",20,20,12,1,1222
"1118",41,7,3,3,1223
"1119",7,7,3,5,1224
"1120",41,7,3,3,1226
"1121",51,7,3,3,1227
"1122",20,20,7,7,1228
"1123",7,3,3,2,1229
"1124",41,12,3,3,1230
"1125",3,3,3,2,1231
"1126",20,3,3,4,1232
"1127",12,7,3,5,1233
"1128",20,7,3,4,1234
"1129",20,3,3,4,1235
"1130",7,3,3,2,1236
"1131",7,7,3,5,1237
"1132",20,12,3,4,1238
"1133",12,7,3,5,1239
"1134",20,20,3,7,1240
"1135",3,3,3,2,1241
"1136",7,7,7,5,1242
"1137",20,3,3,4,1243
"1138",12,7,3,5,1246
"1139",7,3,3,2,1247
"1140",20,7,7,4,1248
"1141",20,7,3,4,1249
"1142",12,7,3,5,1250
"1143",20,7,7,4,1252
"1144",20,7,3,4,1254
"1145",41,7,7,3,1255
"1146",41,20,3,6,1256
"1147",7,7,7,5,1258
"1148",20,7,3,4,1259
"1149",7,7,3,5,1260
"1150",20,20,3,7,1261
"1151",41,7,7,3,1263
"1152",20,3,3,4,1264
"1153",41,3,3,3,1265
"1154",12,7,7,5,1266
"1155",20,7,3,4,1267
"1156",51,20,3,6,1268
"1157",20,20,7,7,1270
"1158",20,7,3,4,1271
"1159",20,20,3,7,1272
"1160",20,3,3,4,1273
"1161",51,3,3,3,1274
"1162",12,7,3,5,1275
"1163",20,7,3,4,1276
"1164",20,3,3,4,1277
"1165",51,20,3,6,1278
"1166",20,7,3,4,1279
"1167",12,3,3,2,1280
"1168",41,20,7,6,1281
"1169",7,3,3,2,1282
"1170",20,7,7,4,1283
"1171",7,3,3,2,1284
"1172",7,7,3,5,1285
"1173",7,3,3,2,1286
"1174",20,7,3,4,1287
"1175",41,3,3,3,1289
"1176",7,3,3,2,1290
"1177",51,3,3,3,1291
"1178",20,7,3,4,1292
"1179",7,7,3,5,1293
"1180",20,3,3,4,1294
"1181",20,7,3,4,1295
"1182",20,7,3,4,1297
"1183",20,3,3,4,1298
"1184",12,7,3,5,1299
"1185",20,3,3,4,1300
"1186",41,20,3,6,1301
"1187",20,7,7,4,1302
"1188",7,3,3,2,1303
"1189",20,20,3,7,1304
"1190",20,20,7,7,1306
"1191",41,12,3,3,1309
"1192",12,3,3,2,1310
"1193",41,20,3,6,1311
"1194",20,7,3,4,1313
"1195",12,3,3,2,1314
"1196",20,7,7,4,1315
"1197",7,3,3,2,1316
"1198",12,3,3,2,1317
"1199",7,3,3,2,1318
"1200",7,7,3,5,1319
"1201",51,12,3,3,1320
"1202",20,7,7,4,1321
"1203",41,7,3,3,1322
"1204",51,41,7,6,1323
"1205",20,7,3,4,1324
"1206",7,7,3,5,1325
"1207",41,3,3,3,1326
"1208",20,20,7,7,1327
"1209",20,7,3,4,1329
"1210",51,41,3,6,1330
"1211",41,7,3,3,1331
"1212",41,7,3,3,1332
"1213",7,3,3,2,1333
"1214",51,12,3,3,1334
"1215",7,7,3,5,1335
"1216",7,7,7,5,1337
"1217",20,20,7,7,1338
"1218",7,3,3,2,1339
"1219",41,7,3,3,1340
"1220",7,7,7,5,1341
"1221",7,7,3,5,1342
"1222",20,7,7,4,1343
"1223",20,3,3,4,1344
"1224",7,3,3,2,1346
"1225",20,7,3,4,1347
"1226",20,20,7,7,1348
"1227",20,7,7,4,1349
"1228",20,7,3,4,1350
"1229",20,7,7,4,1351
"1230",20,7,7,4,1352
"1231",51,20,7,6,1354
"1232",41,41,3,6,1355
"1233",41,3,3,3,1356
"1234",20,20,3,7,1358
"1235",20,20,7,7,1359
"1236",51,20,7,6,1360
"1237",7,3,3,2,1361
"1238",20,7,3,4,1362
"1239",20,12,3,4,1363
"1240",20,3,3,4,1364
"1241",41,20,7,6,1365
"1242",20,7,3,4,1366
"1243",51,3,3,3,1367
"1244",20,7,7,4,1369
"1245",7,7,3,5,1370
"1246",20,20,3,7,1371
"1247",20,7,7,4,1372
"1248",20,7,3,4,1373
"1249",41,3,3,3,1374
"1250",7,7,3,5,1375
"1251",51,3,3,3,1376
"1252",41,12,3,3,1377
"1253",20,3,3,4,1378
"1254",20,3,3,4,1379
"1255",51,20,3,6,1380
"1256",7,3,3,2,1381
"1257",20,7,3,4,1382
"1258",3,3,3,2,1383
"1259",20,7,3,4,1384
"1260",51,20,3,6,1385
"1261",12,3,3,2,1386
"1262",20,7,3,4,1388
"1263",7,3,3,2,1390
"1264",41,12,3,3,1391
"1265",20,3,3,4,1392
"1266",3,3,3,2,1393
"1267",51,41,7,6,1394
"1268",20,7,7,4,1395
"1269",41,7,7,3,1396
"1270",51,7,3,3,1397
"1271",20,3,3,4,1398
"1272",41,20,3,6,1399
"1273",51,20,3,6,1401
"1274",3,3,3,2,1402
"1275",20,12,3,4,1403
"1276",7,3,3,2,1405
"1277",7,3,3,2,1406
"1278",51,7,7,3,1407
"1279",41,20,20,1,1408
"1280",7,3,3,2,1409
"1281",7,7,3,5,1410
"1282",20,12,3,4,1411
"1283",20,7,7,4,1412
"1284",20,12,7,7,1413
"1285",7,7,3,5,1414
"1286",51,7,3,3,1416
"1287",20,7,3,4,1417
"1288",20,20,3,7,1418
"1289",20,12,3,4,1419
"1290",41,12,3,3,1420
"1291",20,7,3,4,1421
"1292",7,3,3,2,1422
"1293",51,7,3,3,1423
"1294",20,7,3,4,1424
"1295",20,7,3,4,1425
"1296",7,3,3,2,1426
"1297",20,20,7,7,1427
"1298",7,7,3,5,1428
"1299",20,7,3,4,1429
"1300",20,7,3,4,1430
"1301",20,3,3,4,1431
"1302",41,7,3,3,1432
"1303",7,3,3,2,1433
"1304",20,7,7,4,1434
"1305",20,7,3,4,1435
"1306",7,3,3,2,1436
"1307",7,7,3,5,1437
"1308",20,3,3,4,1438
"1309",51,20,7,6,1439
"1310",20,7,3,4,1440
"1311",20,12,3,4,1441
"1312",20,7,3,4,1442
"1313",7,3,3,2,1443
"1314",20,7,3,4,1445
"1315",20,3,3,4,1446
"1316",41,7,3,3,1447
"1317",7,3,3,2,1448
"1318",41,20,7,6,1449
"1319",20,20,7,7,1450
"1320",20,7,3,4,1451
"1321",20,20,7,7,1452
"1322",51,7,3,3,1453
"1323",20,7,7,4,1454
"1324",41,20,7,6,1456
"1325",7,3,3,2,1457
"1326",41,20,3,6,1458
"1327",51,3,3,3,1459
"1328",7,3,3,2,1460
"1329",20,7,7,4,1461
"1330",20,20,3,7,1462
"1331",3,3,3,2,1463
"1332",20,20,7,7,1464
"1333",3,3,3,2,1465
"1334",7,3,3,2,1466
"1335",7,7,3,5,1467
"1336",20,7,3,4,1469
"1337",7,3,3,2,1470
"1338",20,7,3,4,1471
"1339",20,20,7,7,1472
"1340",20,12,3,4,1473
"1341",51,20,3,6,1474
"1342",12,7,3,5,1475
"1343",41,20,3,6,1476
"1344",7,3,3,2,1478
"1345",41,7,3,3,1479
"1346",7,3,3,2,1483
"1347",20,7,3,4,1484
"1348",20,7,3,4,1485
"1349",7,3,3,2,1487
"1350",12,7,3,5,1488
"1351",20,20,7,7,1489
"1352",7,3,3,2,1490
"1353",41,20,7,6,1491
"1354",51,20,7,6,1492
"1355",51,20,3,6,1493
"1356",7,3,3,2,1494
"1357",7,3,3,2,1495
"1358",41,20,7,6,1496
"1359",51,3,3,3,1497
"1360",41,20,20,1,1498
"1361",20,3,3,4,1499
"1362",51,20,12,1,1501
"1363",20,7,3,4,1502
"1364",20,7,3,4,1504
"1365",20,3,3,4,1505
"1366",20,7,3,4,1506
"1367",12,3,3,2,1508
"1368",7,7,7,5,1510
"1369",51,20,7,6,1511
"1370",12,7,7,5,1512
"1371",41,7,3,3,1513
"1372",20,20,20,1,1515
"1373",41,7,7,3,1516
"1374",20,3,3,4,1517
"1375",7,7,3,5,1518
"1376",7,7,3,5,1519
"1377",20,12,3,4,1520
"1378",20,20,3,7,1521
"1379",7,7,7,5,1522
"1380",20,7,3,4,1523
"1381",7,7,3,5,1525
"1382",51,7,3,3,1526
"1383",41,7,3,3,1530
"1384",20,12,3,4,1531
"1385",20,3,3,4,1533
"1386",20,12,3,4,1534
"1387",20,7,7,4,1536
"1388",20,3,3,4,1537
"1389",20,20,20,1,1538
"1390",20,7,3,4,1539
"1391",20,7,3,4,1540
"1392",41,7,3,3,1541
"1393",41,7,3,3,1542
"1394",7,7,3,5,1543
"1395",12,7,3,5,1544
"1396",20,7,3,4,1546
"1397",20,7,7,4,1547
"1398",51,7,3,3,1548
"1399",20,12,3,4,1549
"1400",12,7,3,5,1550
"1401",41,20,20,1,1551
"1402",7,3,3,2,1552
"1403",3,3,3,2,1553
"1404",3,3,3,2,1554
"1405",41,3,3,3,1555
"1406",7,7,7,5,1556
"1407",51,20,20,1,1557
"1408",12,7,3,5,1558
"1409",12,7,3,5,1559
"1410",51,20,3,6,1560
"1411",20,7,7,4,1561
"1412",7,7,3,5,1562
"1413",7,7,3,5,1563
"1414",7,7,3,5,1564
"1415",20,7,3,4,1565
"1416",7,7,7,5,1566
"1417",41,41,7,6,1567
"1418",41,12,7,3,1568
"1419",51,7,7,3,1569
"1420",20,12,3,4,1570
"1421",3,3,3,2,1572
"1422",20,7,7,4,1573
"1423",12,7,7,5,1574
"1424",51,7,3,3,1575
"1425",51,7,7,3,1576
"1426",12,7,3,5,1577
"1427",7,7,7,5,1578
"1428",20,20,7,7,1579
"1429",41,12,3,3,1580
"1430",51,7,3,3,1581
"1431",20,20,3,7,1582
"1432",20,20,7,7,1583
"1433",51,20,7,6,1584
"1434",7,3,3,2,1586
"1435",20,7,3,4,1587
"1436",20,20,3,7,1588
"1437",12,7,3,5,1589
"1438",51,20,7,6,1590
"1439",20,7,3,4,1591
"1440",20,7,3,4,1592
"1441",41,20,7,6,1593
"1442",41,20,20,1,1594
"1443",41,20,3,6,1595
"1444",51,7,3,3,1596
"1445",3,3,3,2,1597
"1446",20,12,3,4,1598
"1447",12,3,3,2,1599
"1448",7,3,3,2,1601
"1449",41,3,3,3,1602
"1450",12,7,3,5,1603
"1451",20,7,3,4,1605
"1452",20,7,3,4,1606
"1453",20,20,3,7,1607
"1454",12,12,3,5,1609
"1455",41,3,3,3,1610
"1456",41,3,3,3,1611
"1457",20,3,3,4,1612
"1458",41,20,3,6,1613
"1459",7,7,3,5,1614
"1460",20,3,3,4,1615
"1461",7,3,3,2,1616
"1462",41,20,3,6,1617
"1463",20,12,7,7,1618
"1464",20,7,3,4,1619
"1465",20,7,3,4,1620
"1466",7,7,3,5,1621
"1467",7,7,3,5,1622
"1468",7,3,3,2,1623
"1469",51,12,3,3,1625
"1470",41,20,3,6,1626
"1471",7,7,7,5,1628
"1472",12,3,3,2,1629
"1473",7,3,3,2,1633
"1474",7,3,3,2,1634
"1475",7,7,3,5,1635
"1476",7,7,3,5,1636
"1477",7,7,3,5,1637
"1478",20,20,7,7,1638
"1479",7,7,7,5,1639
"1480",3,3,3,2,1640
"1481",20,12,3,4,1641
"1482",7,7,7,5,1642
"1483",12,7,7,5,1643
"1484",51,7,3,3,1644
"1485",41,12,7,3,1645
"1486",12,7,3,5,1646
"1487",20,7,3,4,1647
"1488",20,7,3,4,1648
"1489",20,7,3,4,1650
"1490",20,12,3,4,1651
"1491",51,7,7,3,1652
"1492",20,20,12,1,1653
"1493",7,7,3,5,1654
"1494",7,7,3,5,1656
"1495",51,20,7,6,1657
"1496",41,7,3,3,1658
"1497",51,20,3,6,1659
"1498",20,7,3,4,1660
"1499",41,3,3,3,1661
"1500",20,3,3,4,1662
"1501",7,7,7,5,1663
"1502",20,7,3,4,1665
"1503",7,7,3,5,1666
"1504",7,7,3,5,1667
"1505",41,20,3,6,1668
"1506",20,3,3,4,1669
"1507",12,3,3,2,1670
"1508",51,20,3,6,1671
"1509",41,20,3,6,1672
"1510",20,3,3,4,1673
"1511",7,3,3,2,1674
"1512",41,20,7,6,1675
"1513",20,7,3,4,1676
"1514",12,7,3,5,1677
"1515",41,7,3,3,1680
"1516",20,7,3,4,1681
"1517",20,7,7,4,1682
"1518",7,3,3,2,1683
"1519",20,7,7,4,1684
"1520",20,7,3,4,1685
"1521",7,3,3,2,1686
"1522",41,3,3,3,1689
"1523",51,20,3,6,1690
"1524",20,7,7,4,1691
"1525",20,20,12,1,1692
"1526",51,7,3,3,1694
"1527",41,20,7,6,1695
"1528",20,7,3,4,1696
"1529",7,7,3,5,1698
"1530",41,7,3,3,1699
"1531",20,7,3,4,1700
"1532",41,3,3,3,1701
"1533",20,12,3,4,1702
"1534",51,7,7,3,1703
"1535",20,20,12,1,1705
"1536",12,7,7,5,1706
"1537",20,12,7,7,1709
"1538",20,20,7,7,1710
"1539",20,20,7,7,1711
"1540",20,20,7,7,1713
"1541",12,3,3,2,1714
"1542",12,7,3,5,1715
"1543",20,20,3,7,1716
"1544",20,7,7,4,1717
"1545",51,7,7,3,1719
"1546",20,7,7,4,1720
"1547",20,7,7,4,1721
"1548",20,3,3,4,1722
"1549",20,20,20,1,1723
"1550",20,7,3,4,1724
"1551",20,12,3,4,1725
"1552",20,12,7,7,1726
"1553",51,20,7,6,1727
"1554",51,7,3,3,1729
"1555",20,20,7,7,1732
"1556",20,7,3,4,1733
"1557",7,7,3,5,1734
"1558",41,7,3,3,1735
"1559",20,7,3,4,1736
"1560",7,3,3,2,1737
"1561",20,20,3,7,1738
"1562",20,12,7,7,1739
"1563",20,7,7,4,1740
"1564",20,7,3,4,1741
"1565",20,20,7,7,1742
"1566",7,7,7,5,1743
"1567",20,20,12,1,1744
"1568",41,20,3,6,1745
"1569",20,7,3,4,1746
"1570",41,20,3,6,1748
"1571",3,3,3,2,1749
"1572",20,7,3,4,1750
"1573",20,7,7,4,1751
"1574",7,7,3,5,1752
"1575",7,7,3,5,1753
"1576",20,7,3,4,1755
"1577",51,20,7,6,1756
"1578",7,3,3,2,1757
"1579",51,20,7,6,1758
"1580",51,7,7,3,1759
"1581",7,7,3,5,1760
"1582",41,7,3,3,1761
"1583",20,7,7,4,1762
"1584",7,7,3,5,1763
"1585",7,7,3,5,1764
"1586",41,12,7,3,1765
"1587",41,12,3,3,1766
"1588",7,3,3,2,1767
"1589",7,3,3,2,1768
"1590",7,7,3,5,1769
"1591",7,3,3,2,1770
"1592",20,7,3,4,1771
"1593",51,41,20,1,1773
"1594",51,3,3,3,1774
"1595",20,7,3,4,1775
"1596",20,20,7,7,1776
"1597",7,7,3,5,1777
"1598",41,20,7,6,1779
"1599",51,7,7,3,1780
"1600",20,7,3,4,1781
"1601",41,3,3,3,1783
"1602",20,7,3,4,1784
"1603",7,7,7,5,1785
"1604",51,20,20,1,1786
"1605",7,7,7,5,1787
"1606",20,7,7,4,1788
"1607",20,7,3,4,1789
"1608",20,7,3,4,1790
"1609",20,7,3,4,1791
"1610",51,7,3,3,1792
"1611",20,20,3,7,1793
"1612",20,7,7,4,1794
"1613",41,20,3,6,1796
"1614",20,3,3,4,1797
"1615",7,3,3,2,1798
"1616",7,3,3,2,1799
"1617",20,12,3,4,1800
"1618",20,7,7,4,1801
"1619",12,7,7,5,1802
"1620",7,3,3,2,1805
"1621",20,20,3,7,1807
"1622",7,3,3,2,1809
"1623",7,7,3,5,1812
"1624",41,20,7,6,1814
"1625",20,7,3,4,1815
"1626",41,7,3,3,1816
"1627",20,3,3,4,1817
"1628",20,20,7,7,1819
"1629",7,7,3,5,1820
"1630",7,7,7,5,1821
"1631",7,7,3,5,1822
"1632",51,3,3,3,1823
"1633",3,3,3,2,1824
"1634",3,3,3,2,1825
"1635",20,7,3,4,1826
"1636",20,7,7,4,1827
"1637",41,3,3,3,1828
"1638",20,12,3,4,1829
"1639",20,7,7,4,1830
"1640",20,3,3,4,1832
"1641",7,3,3,2,1833
"1642",20,3,3,4,1835
"1643",51,3,3,3,1836
"1644",51,7,3,3,1837
"1645",12,7,3,5,1838
"1646",20,7,7,4,1839
"1647",20,20,7,7,1840
"1648",20,7,3,4,1842
"1649",41,12,3,3,1843
"1650",51,20,3,6,1844
"1651",41,20,7,6,1845
"1652",3,3,3,2,1846
"1653",7,3,3,2,1847
"1654",41,20,20,1,1848
"1655",20,7,3,4,1850
"1656",20,20,12,1,1851
"1657",20,3,3,4,1852
"1658",12,7,3,5,1853
"1659",20,20,3,7,1855
"1660",20,20,20,1,1856
"1661",41,20,3,6,1857
"1662",12,7,3,5,1859
"1663",20,12,3,4,1860
"1664",51,7,7,3,1861
"1665",20,7,3,4,1862
"1666",3,3,3,2,1863
"1667",7,3,3,2,1864
"1668",20,7,7,4,1865
"1669",20,3,3,4,1866
"1670",7,3,3,2,1868
"1671",7,7,7,5,1869
"1672",20,20,3,7,1870
"1673",20,7,3,4,1872
"1674",20,7,7,4,1873
"1675",20,3,3,4,1874
"1676",20,3,3,4,1875
"1677",51,41,7,6,1876
"1678",20,7,7,4,1877
"1679",20,7,3,4,1878
"1680",7,3,3,2,1879
"1681",20,7,3,4,1880
"1682",41,7,7,3,1881
"1683",3,3,3,2,1883
"1684",7,3,3,2,1884
"1685",20,7,3,4,1885
"1686",51,7,3,3,1886
"1687",20,7,7,4,1887
"1688",7,7,3,5,1890
"1689",12,3,3,2,1891
"1690",12,3,3,2,1892
"1691",20,20,3,7,1894
"1692",20,3,3,4,1895
"1693",51,20,3,6,1896
"1694",20,7,3,4,1897
"1695",20,7,7,4,1899
"1696",51,7,3,3,1900
"1697",51,7,3,3,1901
"1698",20,7,3,4,1902
"1699",41,7,3,3,1903
"1700",20,20,3,7,1905
"1701",7,7,3,5,1907
"1702",7,7,3,5,1908
"1703",41,20,7,6,1909
"1704",51,20,7,6,1910
"1705",7,3,3,2,1911
"1706",7,7,3,5,1912
"1707",7,3,3,2,1914
"1708",20,7,3,4,1915
"1709",3,3,3,2,1916
"1710",20,12,3,4,1917
"1711",12,7,3,5,1918
"1712",41,20,20,1,1919
"1713",20,7,3,4,1920
"1714",20,20,7,7,1921
"1715",20,12,3,4,1922
"1716",20,7,3,4,1924
"1717",7,3,3,2,1925
"1718",51,20,7,6,1926
"1719",20,7,7,4,1927
"1720",7,3,3,2,1928
"1721",51,20,3,6,1929
"1722",20,7,7,4,1931
"1723",20,12,7,7,1932
"1724",7,3,3,2,1933
"1725",7,3,3,2,1934
"1726",20,3,3,4,1936
"1727",7,3,3,2,1937
"1728",20,20,12,1,1938
"1729",3,3,3,2,1939
"1730",20,7,3,4,1940
"1731",20,7,3,4,1941
"1732",51,7,3,3,1942
"1733",12,7,3,5,1943
"1734",7,7,7,5,1944
"1735",20,20,3,7,1945
"1736",20,3,3,4,1946
"1737",7,3,3,2,1947
"1738",20,3,3,4,1948
"1739",51,20,7,6,1949
"1740",41,7,7,3,1950
"1741",20,20,3,7,1951
"1742",41,7,3,3,1952
"1743",7,7,7,5,1953
"1744",20,12,3,4,1954
"1745",12,7,3,5,1955
"1746",12,12,3,5,1958
"1747",7,7,3,5,1959
"1748",20,20,7,7,1961
"1749",41,7,7,3,1962
"1750",41,7,3,3,1963
"1751",3,3,3,2,1964
"1752",7,7,7,5,1965
"1753",7,3,3,2,1966
"1754",3,3,3,2,1967
"1755",12,7,3,5,1968
"1756",20,12,7,7,1969
"1757",7,3,3,2,1970
"1758",20,3,3,4,1971
"1759",20,3,3,4,1972
"1760",20,7,3,4,1973
"1761",3,3,3,2,1974
"1762",51,7,7,3,1975
"1763",51,7,3,3,1976
"1764",41,20,3,6,1977
"1765",41,3,3,3,1978
"1766",20,20,7,7,1979
"1767",7,7,3,5,1981
"1768",7,3,3,2,1982
"1769",12,3,3,2,1983
"1770",20,7,3,4,1984
"1771",3,3,3,2,1985
"1772",20,20,7,7,1986
"1773",41,7,3,3,1987
"1774",20,7,3,4,1988
"1775",20,7,3,4,1989
"1776",20,20,20,1,1990
"1777",20,3,3,4,1991
"1778",41,12,12,1,1992
"1779",20,12,7,7,1993
"1780",12,3,3,2,1994
"1781",51,12,7,3,1995
"1782",7,7,7,5,1996
"1783",20,7,3,4,1997
"1784",51,20,3,6,1998
"1785",7,7,3,5,1999
"1786",7,7,3,5,2000
"1787",20,7,3,4,2001
"1788",20,3,3,4,2002
"1789",41,7,3,3,2003
"1790",20,12,7,7,2004
"1791",20,7,7,4,2005
"1792",51,12,7,3,2007
"1793",20,7,3,4,2008
"1794",20,12,7,7,2009
"1795",51,20,20,1,2010
"1796",41,7,7,3,2011
"1797",20,12,3,4,2013
"1798",7,3,3,2,2014
"1799",20,3,3,4,2015
"1800",7,3,3,2,2016
"1801",51,41,7,6,2017
"1802",20,12,3,4,2018
"1803",20,7,3,4,2020
"1804",51,7,3,3,2021
"1805",7,3,3,2,2022
"1806",51,7,3,3,2023
"1807",51,20,7,6,2024
"1808",51,41,3,6,2026
"1809",20,7,3,4,2027
"1810",12,7,3,5,2028
"1811",51,20,7,6,2029
"1812",7,3,3,2,2030
"1813",7,3,3,2,2031
"1814",51,7,7,3,2032
"1815",12,7,3,5,2033
"1816",20,7,3,4,2035
"1817",7,7,3,5,2036
"1818",20,3,3,4,2037
"1819",20,12,3,4,2038
"1820",41,7,3,3,2039
"1821",12,7,3,5,2040
"1822",20,7,3,4,2041
"1823",7,7,3,5,2042
"1824",20,7,3,4,2043
"1825",20,20,3,7,2
"1826",41,7,3,3,3
"1827",7,7,3,5,4
"1828",7,7,7,5,5
"1829",7,3,3,2,6
"1830",7,3,3,2,7
"1831",7,3,3,2,8
"1832",41,7,3,3,9
"1833",3,3,3,2,10
"1834",20,20,3,7,11
"1835",20,20,12,1,12
"1836",51,7,7,3,13
"1837",7,7,3,5,14
"1838",20,3,3,4,16
"1839",20,3,3,4,17
"1840",7,7,7,5,18
"1841",7,7,3,5,20
"1842",51,3,3,3,21
"1843",3,3,3,2,22
"1844",51,20,20,1,23
"1845",20,7,3,4,24
"1846",41,12,12,1,25
"1847",51,20,12,1,26
"1848",7,3,3,2,27
"1849",41,20,3,6,28
"1850",20,7,7,4,29
"1851",12,7,3,5,30
"1852",20,7,3,4,31
"1853",51,7,3,3,32
"1854",20,3,3,4,33
"1855",20,12,7,7,34
"1856",51,20,3,6,35
"1857",7,7,3,5,36
"1858",7,7,3,5,37
"1859",12,7,3,5,38
"1860",51,7,3,3,39
"1861",7,7,3,5,40
"1862",20,20,3,7,41
"1863",20,7,3,4,42
"1864",41,41,20,1,43
"1865",41,12,3,3,44
"1866",7,7,3,5,45
"1867",7,7,3,5,46
"1868",20,3,3,4,49
"1869",20,20,3,7,50
"1870",7,7,3,5,51
"1871",51,20,7,6,52
"1872",51,7,3,3,53
"1873",20,7,7,4,54
"1874",51,7,3,3,55
"1875",20,7,3,4,56
"1876",20,7,3,4,57
"1877",20,7,7,4,59
"1878",51,41,7,6,60
"1879",20,7,3,4,61
"1880",7,3,3,2,62
"1881",20,12,7,7,63
"1882",20,3,3,4,64
"1883",3,3,3,2,65
"1884",20,7,7,4,66
"1885",20,7,3,4,67
"1886",3,3,3,2,68
"1887",20,20,3,7,69
"1888",20,7,7,4,70
"1889",12,7,7,5,71
"1890",20,12,7,7,72
"1891",20,7,7,4,73
"1892",20,7,3,4,74
"1893",41,20,7,6,75
"1894",51,51,7,6,76
"1895",20,20,12,1,77
"1896",20,3,3,4,78
"1897",7,7,3,5,79
"1898",20,7,3,4,80
"1899",20,3,3,4,82
"1900",20,7,7,4,83
"1901",51,7,7,3,84
"1902",12,3,3,2,85
"1903",7,3,3,2,86
"1904",41,20,12,1,87
"1905",41,20,3,6,88
"1906",20,20,7,7,89
"1907",12,7,3,5,90
"1908",51,20,3,6,91
"1909",20,7,3,4,92
"1910",20,7,3,4,93
"1911",20,12,3,4,94
"1912",20,7,3,4,95
"1913",7,7,3,5,96
"1914",41,3,3,3,99
"1915",20,7,3,4,100
"1916",7,3,3,2,101
"1917",20,3,3,4,102
"1918",41,3,3,3,103
"1919",41,20,7,6,104
"1920",51,7,3,3,105
"1921",20,3,3,4,106
"1922",51,7,3,3,107
"1923",41,20,3,6,108
"1924",41,3,3,3,109
"1925",7,7,3,5,110
"1926",20,7,3,4,111
"1927",12,7,3,5,113
"1928",41,20,7,6,114
"1929",20,7,7,4,116
"1930",41,7,7,3,118
"1931",20,7,3,4,119
"1932",20,20,3,7,121
"1933",20,20,7,7,122
"1934",41,7,3,3,123
"1935",20,7,7,4,125
"1936",51,20,7,6,126
"1937",7,7,3,5,127
"1938",20,7,3,4,128
"1939",7,7,3,5,129
"1940",20,7,7,4,130
"1941",20,7,7,4,131
"1942",7,7,3,5,132
"1943",7,3,3,2,133
"1944",7,3,3,2,134
"1945",20,7,3,4,135
"1946",7,7,3,5,136
"1947",20,7,3,4,137
"1948",51,7,7,3,138
"1949",41,7,3,3,139
"1950",51,41,3,6,140
"1951",20,7,7,4,141
"1952",7,7,3,5,142
"1953",41,3,3,3,143
"1954",20,12,12,7,145
"1955",7,7,3,5,146
"1956",7,7,3,5,147
"1957",12,3,3,2,148
"1958",41,20,3,6,149
"1959",41,20,7,6,150
"1960",51,41,7,6,151
"1961",20,3,3,4,152
"1962",7,3,3,2,153
"1963",3,3,3,2,154
"1964",51,7,3,3,155
"1965",41,7,3,3,156
"1966",20,3,3,4,157
"1967",20,7,3,4,158
"1968",7,7,3,5,160
"1969",20,20,7,7,161
"1970",20,12,3,4,162
"1971",12,7,3,5,163
"1972",41,20,7,6,164
"1973",20,12,7,7,165
"1974",51,41,3,6,166
"1975",3,3,3,2,167
"1976",51,12,7,3,168
"1977",20,20,7,7,169
"1978",51,20,3,6,171
"1979",20,3,3,4,172
"1980",51,41,20,1,173
"1981",51,7,7,3,174
"1982",3,3,3,2,175
"1983",51,20,3,6,176
"1984",41,7,3,3,177
"1985",3,3,3,2,178
"1986",7,3,3,2,179
"1987",7,3,3,2,182
"1988",20,7,3,4,183
"1989",20,20,3,7,184
"1990",51,20,3,6,185
"1991",7,3,3,2,186
"1992",12,3,3,2,187
"1993",7,7,3,5,188
"1994",7,7,3,5,189
"1995",7,7,3,5,190
"1996",20,7,7,4,191
"1997",20,3,3,4,192
"1998",7,7,3,5,193
"1999",51,51,3,6,194
"2000",12,7,3,5,195
"2001",20,7,3,4,196
"2002",20,7,3,4,197
"2003",12,7,7,5,199
"2004",3,3,3,2,200
"2005",41,7,3,3,201
"2006",20,20,3,7,202
"2007",20,12,7,7,203
"2008",20,7,7,4,204
"2009",20,7,7,4,205
"2010",51,12,7,3,206
"2011",51,7,3,3,207
"2012",41,20,20,1,208
"2013",20,7,3,4,209
"2014",7,7,3,5,211
"2015",51,7,7,3,212
"2016",20,12,3,4,213
"2017",20,7,3,4,214
"2018",51,7,3,3,215
"2019",7,7,3,5,216
"2020",51,20,3,6,217
"2021",20,20,3,7,218
"2022",7,7,3,5,219
"2023",20,7,3,4,220
"2024",41,7,3,3,222
"2025",51,41,20,1,223
"2026",51,20,7,6,224
"2027",20,20,3,7,225
"2028",20,12,7,7,226
"2029",20,7,7,4,227
"2030",41,3,3,3,228
"2031",7,7,3,5,229
"2032",20,12,7,7,231
"2033",41,3,3,3,232
"2034",20,7,3,4,233
"2035",7,7,3,5,234
"2036",7,7,3,5,235
"2037",51,7,3,3,236
"2038",20,7,3,4,237
"2039",20,12,7,7,238
"2040",20,20,20,1,239
"2041",51,20,7,6,240
"2042",7,7,3,5,241
"2043",7,7,3,5,242
"2044",41,3,3,3,243
"2045",51,20,3,6,244
"2046",7,7,3,5,247
"2047",7,7,3,5,248
"2048",20,12,7,7,249
"2049",12,3,3,2,250
"2050",41,7,3,3,251
"2051",7,3,3,2,252
"2052",12,3,3,2,253
"2053",41,7,3,3,254
"2054",7,3,3,2,255
"2055",20,20,3,7,256
"2056",41,7,3,3,257
"2057",20,7,3,4,258
"2058",7,3,3,2,260
"2059",20,20,20,1,261
"2060",20,7,7,4,262
"2061",41,3,3,3,263
"2062",51,7,3,3,264
"2063",51,20,12,1,265
"2064",12,3,3,2,266
"2065",20,7,3,4,267
"2066",51,20,3,6,268
"2067",7,7,3,5,269
"2068",20,3,3,4,270
"2069",51,7,7,3,271
"2070",20,7,3,4,272
"2071",20,3,3,4,273
"2072",20,7,3,4,274
"2073",7,3,3,2,275
"2074",7,3,3,2,276
"2075",3,3,3,2,277
"2076",7,7,3,5,278
"2077",20,7,3,4,279
"2078",20,12,7,7,280
"2079",20,7,3,4,281
"2080",41,20,3,6,282
"2081",51,20,20,1,283
"2082",7,3,3,2,284
"2083",7,3,3,2,285
"2084",7,7,3,5,286
"2085",7,7,3,5,289
"2086",51,3,3,3,290
"2087",20,12,7,7,291
"2088",7,7,3,5,292
"2089",41,20,7,6,293
"2090",7,7,3,5,294
"2091",20,20,7,7,295
"2092",20,7,3,4,297
"2093",20,20,7,7,298
"2094",41,7,3,3,299
"2095",20,20,7,7,301
"2096",20,12,3,4,302
"2097",7,3,3,2,303
"2098",41,7,3,3,304
"2099",20,20,3,7,305
"2100",7,7,7,5,306
"2101",20,7,3,4,307
"2102",7,3,3,2,308
"2103",20,7,3,4,309
"2104",20,3,3,4,310
"2105",51,12,3,3,311
"2106",7,7,3,5,312
"2107",20,20,3,7,313
"2108",7,3,3,2,314
"2109",51,20,7,6,315
"2110",7,3,3,2,316
"2111",20,3,3,4,317
"2112",20,20,7,7,318
"2113",12,7,3,5,320
"2114",20,20,3,7,321
"2115",20,7,3,4,323
"2116",20,7,7,4,324
"2117",3,3,3,2,325
"2118",7,7,7,5,326
"2119",41,7,3,3,327
"2120",20,12,3,4,328
"2121",20,7,3,4,329
"2122",51,20,3,6,330
"2123",51,3,3,3,332
"2124",20,20,3,7,334
"2125",51,20,20,1,335
"2126",20,3,3,4,336
"2127",12,3,3,2,337
"2128",51,20,20,1,338
"2129",7,7,7,5,339
"2130",7,7,7,5,340
"2131",20,12,7,7,341
"2132",20,20,3,7,342
"2133",20,20,3,7,343
"2134",20,3,3,4,344
"2135",20,7,3,4,345
"2136",3,3,3,2,346
"2137",20,7,3,4,347
"2138",41,3,3,3,348
"2139",51,20,7,6,350
"2140",20,7,3,4,351
"2141",51,20,7,6,352
"2142",7,7,3,5,353
"2143",7,3,3,2,354
"2144",20,7,3,4,355
"2145",20,3,3,4,356
"2146",12,7,3,5,358
"2147",20,20,3,7,359
"2148",3,3,3,2,361
"2149",7,3,3,2,362
"2150",41,41,7,6,363
"2151",12,7,3,5,364
"2152",7,3,3,2,365
"2153",20,7,3,4,366
"2154",7,3,3,2,367
"2155",20,7,3,4,368
"2156",20,7,7,4,369
"2157",7,7,3,5,370
"2158",20,12,7,7,371
"2159",12,7,7,5,372
"2160",20,3,3,4,373
"2161",7,7,3,5,375
"2162",20,12,3,4,376
"2163",20,3,3,4,377
"2164",20,12,3,4,378
"2165",20,3,3,4,379
"2166",12,7,7,5,380
"2167",51,7,3,3,381
"2168",41,20,3,6,382
"2169",7,3,3,2,383
"2170",20,20,7,7,384
"2171",12,7,7,5,385
"2172",7,3,3,2,386
"2173",7,7,3,5,388
"2174",41,20,12,1,389
"2175",20,20,3,7,390
"2176",7,3,3,2,391
"2177",7,3,3,2,392
"2178",41,41,20,1,393
"2179",20,7,3,4,394
"2180",20,3,3,4,396
"2181",7,3,3,2,397
"2182",20,20,7,7,398
"2183",20,20,7,7,399
"2184",7,3,3,2,400
"2185",20,7,3,4,401
"2186",12,7,7,5,402
"2187",20,7,3,4,403
"2188",7,7,7,5,404
"2189",20,7,7,4,405
"2190",51,7,7,3,406
"2191",20,7,7,4,407
"2192",12,3,3,2,408
"2193",20,7,3,4,409
"2194",12,7,3,5,410
"2195",20,7,3,4,411
"2196",51,7,7,3,412
"2197",20,7,3,4,413
"2198",20,7,7,4,414
"2199",20,20,3,7,415
"2200",20,12,3,4,416
"2201",20,3,3,4,417
"2202",51,7,3,3,418
"2203",20,3,3,4,419
"2204",12,3,3,2,420
"2205",20,7,3,4,421
"2206",12,7,3,5,423
"2207",51,7,7,3,424
"2208",20,20,20,1,425
"2209",20,20,7,7,426
"2210",20,7,3,4,427
"2211",20,12,7,7,428
"2212",20,7,3,4,429
"2213",20,7,7,4,431
"2214",20,7,3,4,432
"2215",12,7,3,5,433
"2216",41,20,12,1,434
"2217",7,7,3,5,435
"2218",20,7,3,4,436
"2219",51,20,3,6,437
"2220",41,20,7,6,438
"2221",7,3,3,2,440
"2222",41,20,7,6,442
"2223",7,7,3,5,443
"2224",12,7,3,5,444
"2225",20,7,3,4,445
"2226",41,7,3,3,446
"2227",20,7,3,4,447
"2228",20,7,3,4,448
"2229",41,20,3,6,449
"2230",7,7,3,5,450
"2231",41,7,3,3,451
"2232",20,3,3,4,452
"2233",12,7,3,5,453
"2234",20,3,3,4,454
"2235",12,7,3,5,456
"2236",20,7,3,4,457
"2237",20,12,7,7,458
"2238",7,3,3,2,459
"2239",41,7,3,3,461
"2240",7,7,3,5,462
"2241",12,3,3,2,463
"2242",20,20,3,7,464
"2243",20,7,7,4,465
"2244",3,3,3,2,466
"2245",51,7,3,3,467
"2246",7,3,3,2,468
"2247",20,7,7,4,469
"2248",20,3,3,4,470
"2249",20,3,3,4,471
"2250",7,3,3,2,472
"2251",20,20,3,7,474
"2252",20,3,3,4,475
"2253",51,20,3,6,476
"2254",20,7,3,4,477
"2255",20,7,3,4,478
"2256",12,3,3,2,479
"2257",51,3,3,3,480
"2258",7,3,3,2,481
"2259",20,12,3,4,482
"2260",7,7,3,5,483
"2261",20,7,3,4,484
"2262",20,12,3,4,485
"2263",41,20,3,6,486
"2264",20,7,3,4,487
"2265",7,7,3,5,488
"2266",7,7,7,5,489
"2267",20,3,3,4,491
"2268",51,3,3,3,492
"2269",51,20,3,6,493
"2270",20,7,7,4,494
"2271",7,7,3,5,495
"2272",7,7,3,5,496
"2273",20,3,3,4,497
"2274",20,7,7,4,499
"2275",20,20,3,7,500
"2276",51,7,3,3,501
"2277",3,3,3,2,502
"2278",51,7,7,3,504
"2279",20,20,3,7,505
"2280",7,3,3,2,506
"2281",41,7,7,3,507
"2282",20,20,3,7,509
"2283",7,3,3,2,510
"2284",41,7,3,3,511
"2285",20,7,3,4,513
"2286",41,20,7,6,514
"2287",41,20,3,6,517
"2288",12,7,3,5,518
"2289",7,7,3,5,519
"2290",20,7,7,4,520
"2291",3,3,3,2,521
"2292",20,7,7,4,523
"2293",7,7,3,5,524
"2294",7,7,3,5,525
"2295",41,7,3,3,527
"2296",7,3,3,2,528
"2297",20,20,3,7,529
"2298",20,7,3,4,530
"2299",12,7,3,5,531
"2300",20,7,3,4,532
"2301",51,20,7,6,535
"2302",12,7,3,5,536
"2303",51,20,7,6,537
"2304",12,7,3,5,538
"2305",20,7,3,4,539
"2306",7,7,3,5,540
"2307",20,7,3,4,541
"2308",51,20,7,6,542
"2309",7,3,3,2,543
"2310",20,7,7,4,545
"2311",7,7,3,5,546
"2312",20,3,3,4,547
"2313",41,7,7,3,548
"2314",41,7,3,3,549
"2315",3,3,3,2,550
"2316",51,7,3,3,551
"2317",51,7,3,3,554
"2318",7,7,3,5,555
"2319",20,7,3,4,556
"2320",20,20,3,7,557
"2321",7,7,3,5,558
"2322",7,3,3,2,559
"2323",20,12,3,4,560
"2324",12,3,3,2,562
"2325",20,12,3,4,563
"2326",41,20,7,6,564
"2327",20,7,7,4,565
"2328",7,3,3,2,566
"2329",12,3,3,2,567
"2330",20,3,3,4,568
"2331",20,7,7,4,569
"2332",20,7,3,4,570
"2333",20,3,3,4,571
"2334",7,7,3,5,572
"2335",7,3,3,2,573
"2336",51,3,3,3,574
"2337",7,3,3,2,575
"2338",41,7,3,3,576
"2339",7,3,3,2,577
"2340",7,7,3,5,578
"2341",41,3,3,3,579
"2342",7,7,3,5,581
"2343",20,7,3,4,582
"2344",41,3,3,3,583
"2345",7,3,3,2,584
"2346",20,7,3,4,585
"2347",51,20,20,1,586
"2348",20,20,3,7,587
"2349",20,7,3,4,588
"2350",41,12,7,3,589
"2351",41,20,7,6,590
"2352",20,20,3,7,592
"2353",7,7,3,5,593
"2354",20,7,3,4,594
"2355",20,7,3,4,596
"2356",51,7,3,3,597
"2357",41,12,3,3,598
"2358",7,3,3,2,600
"2359",20,7,7,4,601
"2360",7,3,3,2,602
"2361",41,20,7,6,603
"2362",7,3,3,2,605
"2363",7,3,3,2,606
"2364",7,7,3,5,607
"2365",3,3,3,2,608
"2366",7,7,3,5,609
"2367",20,7,3,4,610
"2368",41,7,7,3,611
"2369",20,3,3,4,612
"2370",51,7,3,3,614
"2371",20,7,3,4,616
"2372",41,20,3,6,617
"2373",7,3,3,2,618
"2374",12,7,7,5,619
"2375",20,7,7,4,621
"2376",7,7,7,5,622
"2377",20,7,3,4,623
"2378",20,20,7,7,624
"2379",41,7,3,3,626
"2380",20,7,3,4,627
"2381",20,7,7,4,628
"2382",51,3,3,3,629
"2383",20,7,3,4,630
"2384",51,3,3,3,631
"2385",41,7,3,3,632
"2386",20,20,7,7,633
"2387",12,7,7,5,634
"2388",41,20,3,6,636
"2389",20,3,3,4,637
"2390",20,7,3,4,638
"2391",20,12,7,7,639
"2392",7,7,3,5,640
"2393",20,7,3,4,641
"2394",7,7,3,5,642
"2395",41,3,3,3,643
"2396",51,7,3,3,644
"2397",20,7,3,4,645
"2398",20,12,7,7,646
"2399",41,7,3,3,647
"2400",51,20,3,6,648
"2401",51,20,7,6,649
"2402",7,7,3,5,650
"2403",20,7,7,4,651
"2404",41,7,3,3,652
"2405",20,12,7,7,653
"2406",41,12,3,3,654
"2407",12,7,7,5,655
"2408",7,3,3,2,656
"2409",20,7,3,4,657
"2410",41,7,7,3,658
"2411",41,20,7,6,659
"2412",7,3,3,2,660
"2413",41,3,3,3,661
"2414",51,7,3,3,663
"2415",7,7,3,5,664
"2416",12,7,3,5,665
"2417",3,3,3,2,666
"2418",51,7,3,3,667
"2419",20,7,3,4,668
"2420",51,20,7,6,669
"2421",7,7,7,5,670
"2422",41,20,3,6,671
"2423",20,3,3,4,672
"2424",12,7,3,5,673
"2425",51,7,3,3,674
"2426",12,7,3,5,675
"2427",41,7,3,3,676
"2428",20,3,3,4,677
"2429",20,20,3,7,678
"2430",20,20,3,7,679
"2431",3,3,3,2,680
"2432",20,7,3,4,681
"2433",20,20,7,7,682
"2434",20,20,20,1,683
"2435",20,7,3,4,684
"2436",7,3,3,2,685
"2437",20,7,7,4,686
"2438",51,3,3,3,688
"2439",51,12,7,3,689
"2440",41,20,20,1,690
"2441",51,20,3,6,691
"2442",20,7,7,4,693
"2443",7,7,7,5,694
"2444",20,20,3,7,695
"2445",20,7,3,4,696
"2446",51,20,7,6,697
"2447",20,7,3,4,698
"2448",7,3,3,2,699
"2449",41,7,7,3,700
"2450",20,3,3,4,701
"2451",41,3,3,3,702
"2452",20,20,7,7,703
"2453",41,20,3,6,704
"2454",20,7,7,4,705
"2455",7,7,3,5,706
"2456",20,7,3,4,707
"2457",20,20,7,7,708
"2458",12,7,3,5,709
"2459",7,7,3,5,710
"2460",7,7,7,5,711
"2461",20,12,7,7,712
"2462",7,7,3,5,713
"2463",20,7,3,4,714
"2464",12,7,3,5,715
"2465",20,7,7,4,716
"2466",20,7,3,4,717
"2467",12,3,3,2,719
"2468",20,7,3,4,720
"2469",41,7,7,3,722
"2470",7,3,3,2,723
"2471",41,7,3,3,724
"2472",20,3,3,4,725
"2473",51,20,20,1,726
"2474",41,20,20,1,727
"2475",51,20,7,6,728
"2476",20,7,3,4,729
"2477",51,20,7,6,730
"2478",3,3,3,2,732
"2479",41,3,3,3,733
"2480",7,7,3,5,734
"2481",20,7,7,4,735
"2482",7,7,3,5,736
"2483",20,3,3,4,737
"2484",12,7,3,5,738
"2485",41,20,3,6,739
"2486",12,7,3,5,740
"2487",12,3,3,2,741
"2488",20,7,3,4,742
"2489",51,7,3,3,743
"2490",20,20,3,7,744
"2491",20,7,7,4,745
"2492",20,7,3,4,746
"2493",20,3,3,4,747
"2494",20,7,7,4,748
"2495",7,3,3,2,749
"2496",3,3,3,2,750
"2497",41,20,7,6,751
"2498",41,7,3,3,752
"2499",12,7,7,5,755
"2500",12,3,3,2,756
"2501",20,20,7,7,757
"2502",41,7,7,3,758
"2503",20,7,3,4,759
"2504",7,3,3,2,760
"2505",20,3,3,4,761
"2506",51,20,3,6,763
"2507",41,20,3,6,764
"2508",20,20,7,7,765
"2509",51,3,3,3,766
"2510",41,20,3,6,767
"2511",20,7,7,4,768
"2512",41,7,3,3,772
"2513",20,7,3,4,773
"2514",7,7,3,5,774
"2515",3,3,3,2,775
"2516",51,20,3,6,776
"2517",20,7,7,4,777
"2518",12,7,7,5,778
"2519",20,12,7,7,779
"2520",20,7,3,4,780
"2521",7,7,3,5,781
"2522",20,3,3,4,782
"2523",41,20,3,6,783
"2524",7,7,3,5,784
"2525",20,7,3,4,786
"2526",7,3,3,2,787
"2527",7,3,3,2,788
"2528",41,3,3,3,789
"2529",7,7,3,5,790
"2530",51,12,3,3,791
"2531",20,20,3,7,792
"2532",20,20,3,7,793
"2533",51,20,7,6,794
"2534",51,7,3,3,795
"2535",20,20,7,7,796
"2536",51,7,3,3,798
"2537",7,3,3,2,799
"2538",41,20,3,6,800
"2539",12,7,3,5,801
"2540",20,12,7,7,802
"2541",20,7,3,4,803
"2542",12,7,3,5,804
"2543",20,7,7,4,805
"2544",20,20,7,7,806
"2545",7,3,3,2,807
"2546",20,20,3,7,808
"2547",51,3,3,3,809
"2548",51,20,20,1,810
"2549",51,7,3,3,811
"2550",7,7,3,5,812
"2551",20,7,7,4,813
"2552",7,3,3,2,814
"2553",20,7,3,4,815
"2554",41,12,7,3,816
"2555",7,7,3,5,818
"2556",51,7,7,3,819
"2557",20,7,3,4,820
"2558",12,7,3,5,821
"2559",20,12,7,7,822
"2560",20,7,7,4,824
"2561",7,3,3,2,826
"2562",20,7,3,4,827
"2563",41,7,3,3,828
"2564",41,7,3,3,829
"2565",51,51,3,6,830
"2566",20,3,3,4,831
"2567",51,7,3,3,832
"2568",20,7,3,4,833
"2569",41,20,3,6,834
"2570",20,7,3,4,836
"2571",20,7,7,4,837
"2572",20,3,3,4,838
"2573",20,7,3,4,839
"2574",20,12,3,4,840
"2575",3,3,3,2,841
"2576",7,7,3,5,842
"2577",3,3,3,2,844
"2578",41,12,7,3,845
"2579",3,3,3,2,846
"2580",20,12,3,4,847
"2581",51,7,7,3,848
"2582",20,7,3,4,849
"2583",7,3,3,2,850
"2584",41,3,3,3,851
"2585",3,3,3,2,852
"2586",20,7,3,4,854
"2587",51,7,3,3,855
"2588",20,7,3,4,856
"2589",41,7,3,3,857
"2590",20,7,7,4,858
"2591",41,7,3,3,859
"2592",20,20,7,7,860
"2593",51,41,12,1,861
"2594",20,7,3,4,862
"2595",7,7,3,5,863
"2596",12,12,3,5,864
"2597",41,3,3,3,865
"2598",41,20,7,6,866
"2599",20,7,3,4,867
"2600",3,3,3,2,868
"2601",20,7,3,4,869
"2602",20,20,3,7,870
"2603",7,7,3,5,872
"2604",51,41,20,1,873
"2605",7,7,7,5,874
"2606",20,20,7,7,875
"2607",20,7,3,4,876
"2608",51,7,3,3,877
"2609",51,7,3,3,878
"2610",20,7,3,4,879
"2611",20,12,7,7,880
"2612",7,3,3,2,881
"2613",20,12,7,7,882
"2614",41,20,20,1,884
"2615",20,7,3,4,885
"2616",20,7,3,4,886
"2617",12,7,3,5,887
"2618",20,20,7,7,888
"2619",20,20,7,7,889
"2620",20,12,3,4,890
"2621",51,12,3,3,891
"2622",7,7,3,5,892
"2623",41,3,3,3,893
"2624",20,3,3,4,895
"2625",20,7,7,4,896
"2626",3,3,3,2,897
"2627",51,41,7,6,898
"2628",7,3,3,2,899
"2629",20,7,3,4,900
"2630",7,3,3,2,901
"2631",20,20,7,7,902
"2632",20,7,3,4,903
"2633",7,3,3,2,904
"2634",20,7,3,4,905
"2635",51,20,3,6,906
"2636",51,3,3,3,907
"2637",7,3,3,2,908
"2638",7,3,3,2,909
"2639",41,7,3,3,910
"2640",7,7,3,5,911
"2641",7,3,3,2,912
"2642",7,3,3,2,913
"2643",7,3,3,2,914
"2644",20,12,3,4,915
"2645",41,7,7,3,916
"2646",41,7,7,3,917
"2647",41,7,7,3,918
"2648",20,7,3,4,920
"2649",20,3,3,4,921
"2650",7,3,3,2,922
"2651",7,7,7,5,923
"2652",7,7,3,5,924
"2653",20,20,3,7,925
"2654",7,3,3,2,926
"2655",20,12,3,4,927
"2656",20,12,7,7,928
"2657",41,20,3,6,929
"2658",20,12,3,4,930
"2659",20,20,3,7,931
"2660",7,3,3,2,933
"2661",51,20,7,6,934
"2662",51,7,3,3,935
"2663",20,7,3,4,936
"2664",3,3,3,2,937
"2665",7,7,3,5,938
"2666",20,7,7,4,939
"2667",20,12,3,4,940
"2668",12,7,3,5,941
"2669",20,7,3,4,942
"2670",20,7,7,4,943
"2671",51,12,7,3,945
"2672",51,20,20,1,946
"2673",41,3,3,3,947
"2674",51,7,7,3,948
"2675",41,20,7,6,949
"2676",7,3,3,2,950
"2677",7,3,3,2,951
"2678",20,7,3,4,952
"2679",20,3,3,4,953
"2680",51,3,3,3,954
"2681",20,12,7,7,955
"2682",7,7,7,5,956
"2683",51,20,3,6,957
"2684",41,7,3,3,958
"2685",20,20,3,7,959
"2686",20,12,7,7,962
"2687",7,3,3,2,963
"2688",51,20,3,6,964
"2689",20,7,3,4,965
"2690",20,20,3,7,966
"2691",51,3,3,3,967
"2692",20,20,12,1,968
"2693",41,20,20,1,970
"2694",7,7,3,5,971
"2695",7,7,3,5,972
"2696",51,20,3,6,973
"2697",51,7,3,3,974
"2698",51,7,3,3,975
"2699",41,7,7,3,976
"2700",20,3,3,4,977
"2701",41,7,3,3,978
"2702",20,12,3,4,979
"2703",51,20,7,6,980
"2704",7,3,3,2,981
"2705",7,3,3,2,982
"2706",12,7,3,5,983
"2707",20,7,7,4,984
"2708",51,7,3,3,985
"2709",51,41,20,1,986
"2710",20,7,3,4,987
"2711",7,7,3,5,988
"2712",20,3,3,4,989
"2713",20,12,3,4,990
"2714",20,7,7,4,991
"2715",20,7,7,4,993
"2716",20,7,7,4,994
"2717",51,20,12,1,996
"2718",20,3,3,4,997
"2719",20,7,7,4,998
"2720",51,7,3,3,999
"2721",41,12,3,3,1000
"2722",41,20,20,1,1001
"2723",41,20,3,6,1002
"2724",41,12,3,3,1003
"2725",7,3,3,2,1005
"2726",3,3,3,2,1007
"2727",12,7,3,5,1008
"2728",7,3,3,2,1009
"2729",20,20,7,7,1010
"2730",20,7,3,4,1011
"2731",51,7,3,3,1012
"2732",51,20,3,6,1013
"2733",41,20,3,6,1014
"2734",7,3,3,2,1015
"2735",20,20,3,7,1016
"2736",20,7,3,4,1017
"2737",3,3,3,2,1018
"2738",7,3,3,2,1019
"2739",41,7,3,3,1020
"2740",7,3,3,2,1021
"2741",20,7,3,4,1022
"2742",7,3,3,2,1023
"2743",51,7,3,3,1024
"2744",20,7,3,4,1025
"2745",20,20,7,7,1026
"2746",51,3,3,3,1027
"2747",7,3,3,2,1028
"2748",51,51,3,6,1029
"2749",7,7,3,5,1031
"2750",51,20,3,6,1032
"2751",7,7,7,5,1034
"2752",12,3,3,2,1035
"2753",51,3,3,3,1036
"2754",20,7,3,4,1037
"2755",20,7,7,4,1038
"2756",51,7,3,3,1039
"2757",41,3,3,3,1040
"2758",20,7,3,4,1041
"2759",20,3,3,4,1042
"2760",51,3,3,3,1043
"2761",3,3,3,2,1044
"2762",20,7,3,4,1045
"2763",51,41,3,6,1046
"2764",41,7,3,3,1048
"2765",51,7,3,3,1049
"2766",51,20,7,6,1050
"2767",41,7,7,3,1051
"2768",51,41,3,6,1052
"2769",20,3,3,4,1053
"2770",20,20,12,1,1054
"2771",7,7,3,5,1055
"2772",7,7,7,5,1056
"2773",7,3,3,2,1057
"2774",20,7,3,4,1058
"2775",51,12,7,3,1059
"2776",41,20,3,6,1061
"2777",7,3,3,2,1062
"2778",3,3,3,2,1063
"2779",41,20,7,6,1064
"2780",7,3,3,2,1065
"2781",7,3,3,2,1066
"2782",7,7,7,5,1067
"2783",51,20,7,6,1069
"2784",20,7,3,4,1070
"2785",7,3,3,2,1071
"2786",51,12,7,3,1072
"2787",51,41,20,1,1073
"2788",41,7,3,3,1074
"2789",51,7,3,3,1075
"2790",20,7,3,4,1076
"2791",20,12,3,4,1077
"2792",20,7,3,4,1078
"2793",7,7,3,5,1079
"2794",41,20,3,6,1080
"2795",7,3,3,2,1081
"2796",20,7,3,4,1082
"2797",51,20,3,6,1083
"2798",20,7,7,4,1084
"2799",3,3,3,2,1086
"2800",12,7,3,5,1087
"2801",51,7,3,3,1088
"2802",20,7,3,4,1089
"2803",20,3,3,4,1090
"2804",12,7,3,5,1091
"2805",7,3,3,2,1092
"2806",7,7,3,5,1093
"2807",20,20,20,1,1094
"2808",20,12,3,4,1096
"2809",7,7,7,5,1098
"2810",41,7,3,3,1099
"2811",41,20,3,6,1100
"2812",20,3,3,4,1101
"2813",20,7,7,4,1102
"2814",20,3,3,4,1103
"2815",51,20,12,1,1104
"2816",12,7,7,5,1105
"2817",7,3,3,2,1106
"2818",12,7,3,5,1107
"2819",51,20,3,6,1108
"2820",41,7,7,3,1109
"2821",7,7,3,5,1110
"2822",7,3,3,2,1111
"2823",41,7,7,3,1112
"2824",51,12,3,3,1113
"2825",20,7,3,4,1115
"2826",7,3,3,2,1116
"2827",51,20,3,6,1117
"2828",7,7,7,5,1118
"2829",41,3,3,3,1119
"2830",20,7,7,4,1120
"2831",20,3,3,4,1121
"2832",7,7,3,5,1122
"2833",20,20,3,7,1123
"2834",12,7,3,5,1124
"2835",20,20,3,7,1125
"2836",7,3,3,2,1126
"2837",20,7,3,4,1127
"2838",51,7,3,3,1129
"2839",20,7,3,4,1130
"2840",41,20,7,6,1131
"2841",12,7,3,5,1132
"2842",20,7,3,4,1133
"2843",41,20,12,1,1134
"2844",20,3,3,4,1135
"2845",41,7,3,3,1136
"2846",7,3,3,2,1137
"2847",20,7,3,4,1138
"2848",3,3,3,2,1139
"2849",12,7,3,5,1141
"2850",41,20,7,6,1142
"2851",20,3,3,4,1143
"2852",51,3,3,3,1144
"2853",7,7,3,5,1145
"2854",7,7,3,5,1147
"2855",7,7,3,5,1148
"2856",7,3,3,2,1149
"2857",51,7,3,3,1151
"2858",7,3,3,2,1152
"2859",41,20,7,6,1153
"2860",51,20,7,6,1154
"2861",20,20,3,7,1155
"2862",20,20,3,7,1156
"2863",41,7,3,3,1157
"2864",20,20,7,7,1158
"2865",7,7,3,5,1159
"2866",3,3,3,2,1160
"2867",20,7,3,4,1161
"2868",41,20,7,6,1162
"2869",41,3,3,3,1163
"2870",41,3,3,3,1164
"2871",41,7,3,3,1165
"2872",51,20,3,6,1167
"2873",20,7,3,4,1168
"2874",51,12,7,3,1169
"2875",20,7,3,4,1170
"2876",51,7,3,3,1172
"2877",7,7,3,5,1173
"2878",7,7,3,5,1174
"2879",7,3,3,2,1175
"2880",20,20,3,7,1177
"2881",7,7,7,5,1178
"2882",41,7,3,3,1179
"2883",7,3,3,2,1180
"2884",20,7,7,4,1182
"2885",20,12,3,4,1183
"2886",7,7,3,5,1184
"2887",20,7,3,4,1185
"2888",7,7,3,5,1186
"2889",20,7,7,4,1187
"2890",7,7,3,5,1188
"2891",12,7,3,5,1189
"2892",7,7,3,5,1190
"2893",20,20,3,7,1191
"2894",12,7,7,5,1192
"2895",20,12,3,4,1193
"2896",7,3,3,2,1194
"2897",20,20,3,7,1195
"2898",51,7,3,3,1196
"2899",7,7,3,5,1197
"2900",7,3,3,2,1198
"2901",51,20,3,6,1200
"2902",20,20,3,7,1201
"2903",51,20,3,6,1202
"2904",20,7,3,4,1203
"2905",7,7,7,5,1204
"2906",51,41,3,6,1205
"2907",7,7,3,5,1206
"2908",20,7,3,4,1207
"2909",41,12,7,3,1208
"2910",20,3,3,4,1209
"2911",51,3,3,3,1210
"2912",20,3,3,4,1211
"2913",20,20,7,7,1212
"2914",20,7,3,4,1213
"2915",20,3,3,4,1214
"2916",20,20,7,7,1215
"2917",41,20,3,6,1216
"2918",20,20,7,7,1217
"2919",41,20,12,1,1218
"2920",20,7,3,4,1219
"2921",7,7,3,5,1220
"2922",12,7,3,5,1221
"2923",7,3,3,2,1222
"2924",20,7,7,4,1223
"2925",20,7,7,4,1224
"2926",20,7,3,4,1225
"2927",7,3,3,2,1226
"2928",20,7,7,4,1227
"2929",51,3,3,3,1228
"2930",20,3,3,4,1229
"2931",20,3,3,4,1230
"2932",51,3,3,3,1231
"2933",51,20,20,1,1232
"2934",51,7,3,3,1233
"2935",20,3,3,4,1235
"2936",20,7,3,4,1236
"2937",51,20,20,1,1237
"2938",7,7,3,5,1238
"2939",7,7,3,5,1239
"2940",20,7,3,4,1240
"2941",12,7,3,5,1241
"2942",20,7,3,4,1242
"2943",20,20,3,7,1243
"2944",20,20,12,1,1244
"2945",20,12,3,4,1245
"2946",51,7,3,3,1246
"2947",20,7,3,4,1247
"2948",7,3,3,2,1248
"2949",7,3,3,2,1249
"2950",20,7,7,4,1250
"2951",20,7,3,4,1251
"2952",41,7,3,3,1252
"2953",20,20,20,1,1254
"2954",51,7,3,3,1255
"2955",51,20,20,1,1256
"2956",7,7,3,5,1257
"2957",7,3,3,2,1258
"2958",20,3,3,4,1259
"2959",7,7,3,5,1260
"2960",7,3,3,2,1261
"2961",20,20,3,7,1262
"2962",12,3,3,2,1263
"2963",7,7,3,5,1264
"2964",51,20,7,6,1265
"2965",20,7,3,4,1266
"2966",41,7,7,3,1267
"2967",7,3,3,2,1268
"2968",41,7,3,3,1269
"2969",20,20,3,7,1270
"2970",7,3,3,2,1271
"2971",20,20,7,7,1273
"2972",20,12,7,7,1274
"2973",20,3,3,4,1275
"2974",7,7,3,5,1276
"2975",51,41,3,6,1278
"2976",20,7,3,4,1279
"2977",3,3,3,2,1280
"2978",51,20,3,6,1281
"2979",20,12,3,4,1282
"2980",20,7,3,4,1283
"2981",20,7,3,4,1285
"2982",20,3,3,4,1286
"2983",7,3,3,2,1287
"2984",41,20,7,6,1288
"2985",41,20,7,6,1289
"2986",20,7,3,4,1290
"2987",20,3,3,4,1291
"2988",7,7,3,5,1292
"2989",7,7,7,5,1294
"2990",7,3,3,2,1295
"2991",51,20,3,6,1298
"2992",20,7,3,4,1299
"2993",7,7,3,5,1300
"2994",41,20,7,6,1301
"2995",20,7,3,4,1302
"2996",20,7,3,4,1303
"2997",51,20,3,6,1304
"2998",20,20,3,7,1305
"2999",51,7,3,3,1306
"3000",51,7,3,3,1307
"3001",51,7,7,3,1309
"3002",7,3,3,2,1310
"3003",51,20,7,6,1312
"3004",20,20,7,7,1313
"3005",20,7,3,4,1314
"3006",20,3,3,4,1315
"3007",12,7,3,5,1316
"3008",7,3,3,2,1317
"3009",20,12,7,7,1318
"3010",51,20,7,6,1319
"3011",41,7,3,3,1320
"3012",20,7,7,4,1321
"3013",41,12,3,3,1322
"3014",20,20,20,1,1323
"3015",20,3,3,4,1324
"3016",41,7,3,3,1325
"3017",7,3,3,2,1326
"3018",51,7,3,3,1327
"3019",3,3,3,2,1328
"3020",20,20,3,7,1329
"3021",12,7,3,5,1330
"3022",41,20,20,1,1331
"3023",51,20,7,6,1332
"3024",20,12,12,7,1333
"3025",20,3,3,4,1334
"3026",20,7,7,4,1336
"3027",41,20,7,6,1338
"3028",20,20,12,1,1339
"3029",20,7,7,4,1340
"3030",20,7,7,4,1341
"3031",20,20,7,7,1342
"3032",20,20,12,1,1343
"3033",7,3,3,2,1344
"3034",51,20,7,6,1345
"3035",7,7,7,5,1346
